id1,id2,votes
1,3,12
1,21,11
1,745,9
1,1695,5
1,111213,4
1,344,4
1,1677,4
1,1929,3
1,11054,3
1,1479,2
2,583,44
2,656,34
2,642,26
2,23390,14
2,564,12
2,1474,12
2,736,12
2,70,8
2,16765,8
2,116778,7
3,1,12
3,745,8
3,11054,8
3,4632,6
3,1929,6
3,70801,4
3,1373,2
3,5627,2
3,1649,2
3,731,2
4,81,11
4,72467,6
4,104,4
4,418,4
4,126287,3
4,3321,3
4,17465,3
4,1471,2
4,5060,2
4,11061,2
7,25300,6
7,1303,6
7,78477,5
7,988,5
7,25730,4
7,7075,4
7,13,3
7,8586,3
7,51,3
7,8300,3
8,102,9
8,271,4
8,86,3
8,52185,3
8,50587,3
8,36,3
8,33,2
8,190,2
8,886,2
8,3097,2
9,3031,8
9,396,5
9,10,4
9,106,4
9,119,4
9,98578,3
9,24457,3
9,27,3
9,14,2
9,893,2
10,128,6
10,551,5
10,108,5
10,9,4
10,1102,3
10,16739,3
10,418,3
10,32229,2
10,68053,2
10,133,2
11,75989,16
11,13,16
11,32,11
11,86337,7
11,13492,7
11,26,6
11,12,6
11,598,4
11,24,4
11,53,3
12,113138,11
12,53,8
12,583,8
12,3438,6
12,11,6
12,39,6
12,1045,5
12,278,5
12,86337,5
12,13,5
13,598,26
13,11,16
13,26,12
13,16765,12
13,7887,11
13,42,6
13,122663,6
13,14790,6
13,44485,6
13,12,5
14,598,13
14,3438,3
14,32,2
14,9,2
14,44485,2
14,114548,2
14,41,1
14,14036,1
14,509,1
14,12,1
15,16,9
15,616,2
15,598,2
15,14790,2
15,26,2
15,10960,1
15,14922,1
15,665,1
15,4780,1
15,10345,1
16,15,9
16,31499,9
16,615,8
16,110,4
16,671,3
16,3214,2
16,421,2
16,815,2
16,430,2
16,744,2
17,443,5
17,37705,4
17,1774,3
17,1814,3
17,1271,3
17,42451,3
17,18,3
17,877,2
17,907,2
17,8039,2
18,320,11
18,91,4
18,1802,3
18,1039,3
18,17,3
18,84559,3
18,899,2
18,102,2
18,10330,2
18,1027,1
19,513,2
19,40,2
19,425,1
19,367,1
19,27,1
19,99,1
19,8341,1
19,7429,1
19,573,1
19,125448,1
20,9711,6
20,13245,4
20,54,3
20,21,3
20,29447,2
20,2895,2
20,1320,1
20,614,1
20,653,1
20,12,1
21,1649,18
21,5802,13
21,100128,12
21,1,11
21,5627,10
21,1101,7
21,9711,6
21,8967,6
21,93180,5
21,584,5
22,40,7
22,656,5
22,41,4
22,5664,3
22,658,3
22,12,2
22,703,2
22,704,2
22,513,2
22,473,2
23,676,3
23,92149,2
23,42,2
23,48,2
23,184,2
23,446,1
23,14787,1
23,1061,1
23,135496,1
23,1631,1
24,3031,14
24,13492,10
24,25,9
24,908,6
24,5113,6
24,1709,6
24,583,5
24,11,4
24,1349,4
24,12,3
25,24,9
25,3031,8
25,14790,8
25,3438,4
25,100035,3
25,96792,3
25,23390,2
25,3099,2
25,48151,2
25,1652,2
26,13,12
26,75989,10
26,7887,9
26,53,7
26,113138,7
26,14790,6
26,11,6
26,100128,4
26,3438,4
26,122663,4
27,9,3
27,1951,3
27,974,2
27,99,2
27,764,2
27,297,2
27,784,1
27,500,1
27,3933,1
27,448,1
28,29,7
28,3731,4
28,1802,4
28,145,4
28,3715,4
28,35573,4
28,420,3
28,17904,3
28,125857,3
28,10442,2
29,1802,8
29,28,7
29,3715,5
29,475,2
29,30,2
29,1267,2
29,392,2
29,164,2
29,30079,2
29,17596,1
30,57,20
30,633,11
30,350,11
30,2921,8
30,1271,5
30,422,4
30,54779,4
30,877,4
30,30315,3
30,10960,3
31,591,14
31,1398,6
31,3378,4
31,3458,4
31,99801,3
31,1031,2
31,1329,2
31,52587,2
31,60095,2
31,21323,2
32,11,11
32,42,5
32,13492,4
32,86337,3
32,6612,3
32,906,2
32,14,2
32,134,2
32,19983,2
32,598,2
33,118,3
33,35,2
33,109,2
33,8,2
33,1139,1
33,4428,1
33,554,1
33,3230,1
33,103487,1
33,1524,1
34,11203,1
35,33,2
35,106,2
35,329,2
35,1555,1
35,1248,1
35,101,1
35,320,1
35,8735,1
35,271,1
35,1228,1
36,106,5
36,94,4
36,86,3
36,190,3
36,8,3
36,92,3
36,508,3
36,1932,2
36,1118,1
36,11107,1
37,411,5
37,1978,4
37,102,4
37,8,2
37,618,2
37,772,2
37,11107,2
37,101,1
37,98,1
37,157,1
38,91941,2
38,4119,2
38,11896,2
38,128,1
38,341,1
38,1859,1
38,30755,1
38,106,1
38,21167,1
38,11843,1
39,12,6
39,25,2
39,3438,2
39,703,2
39,4612,1
39,648,1
39,3099,1
39,9268,1
39,11330,1
40,22,7
40,19,2
40,338,2
40,56529,2
40,41,1
40,6314,1
40,173,1
40,906,1
40,219,1
40,5627,1
41,22,4
41,12,3
41,25,2
41,20208,1
41,14,1
41,50,1
41,53,1
41,74,1
41,908,1
41,3099,1
42,13,6
42,32,5
42,12,4
42,2845,3
42,871,3
42,7887,3
42,19983,2
42,11,2
42,44347,2
42,111996,2
43,47,4
43,35243,4
43,51,3
43,11652,3
43,49,3
43,8300,2
43,52,2
43,7864,2
43,7,2
43,75989,1
44,1414,8
44,10010,6
44,20242,5
44,44347,4
44,70345,3
44,7749,3
44,3537,2
44,14154,2
44,36413,2
44,39883,2
45,430,6
45,31499,6
45,16,4
45,421,4
45,818,4
45,671,3
45,41535,2
45,34905,1
45,67019,1
45,20038,1
47,75989,7
47,5664,6
47,43,4
47,12,3
47,10010,3
47,3008,3
47,13,3
47,988,2
47,39883,2
47,8586,2
48,900,3
48,962,3
48,23,2
48,616,2
48,572,2
48,302,2
48,1061,2
48,4480,2
48,57,1
48,460,1
49,8300,5
49,11652,4
49,43,3
49,633,3
49,3350,2
49,12648,1
49,7200,1
49,9033,1
49,6310,1
49,74,1
50,872,3
50,3539,3
50,326,3
50,869,2
50,908,2
50,53,2
50,25,2
50,105,1
50,14790,1
50,25588,1
51,657,7
51,35243,5
51,915,4
51,11652,4
51,43,3
51,1511,3
51,5651,3
51,7,3
51,27587,2
51,1221,2
52,1511,2
52,8795,2
52,43,2
52,49,1
52,13896,1
52,20,1
52,1217,1
52,7864,1
52,13897,1
52,35243,1
53,12,8
53,26,7
53,3006,4
53,136,3
53,10010,3
53,11,3
53,113138,3
53,50,2
53,278,2
53,401,1
54,20,3
54,3163,2
54,420,2
54,117328,2
54,5802,2
54,92,2
54,106,2
54,190,2
54,689,2
54,3097,2
55,3468,4
55,14236,3
55,6164,2
55,10874,2
55,738,1
55,76,1
55,1526,1
55,10578,1
55,176,1
55,2916,1
57,483,22
57,30,20
57,606,10
57,762,3
57,820,3
57,619,2
57,2459,2
57,13171,2
57,112700,2
57,391,2
58,820,6
58,3329,2
58,926,2
58,1171,1
58,19111,1
58,2698,1
58,878,1
58,3715,1
58,10818,1
58,1914,1
62,1202,1
65,4060,1
65,1931,1
65,3557,1
66,1505,1
67,19074,2
67,10890,1
67,2436,1
67,35061,1
68,3946,2
68,35013,1
68,3036,1
68,730,1
68,23052,1
69,165,1
69,3665,1
69,3127,1
69,12423,1
69,5723,1
69,8606,1
69,3052,1
70,2,8
70,44485,4
70,10376,3
70,106733,2
70,39281,2
70,67615,2
70,13801,2
70,595,2
70,736,2
70,86981,1
71,107,4
71,157,3
71,4228,2
71,5060,2
71,1978,2
71,45976,1
71,31,1
71,80,1
71,591,1
71,4392,1
72,706,1
73,8586,3
73,10249,2
73,74,2
73,2977,1
73,16791,1
73,28535,1
73,12,1
73,513,1
73,21452,1
73,496,1
74,1933,2
74,10010,2
74,35243,2
74,43,1
74,41,1
74,1722,1
74,3986,1
74,4614,1
74,3438,1
74,49,1
75,744,2
75,729,1
75,110,1
75,16,1
75,18321,1
75,430,1
75,12137,1
75,39335,1
75,42263,1
76,10578,2
76,16922,2
76,55,1
76,4011,1
76,863,1
76,14614,1
76,117954,1
76,10874,1
77,106,3
77,1660,1
77,83,1
77,907,1
77,90,1
77,71,1
77,67397,1
77,84,1
77,54,1
78,11939,1
78,710,1
78,10,1
78,551,1
78,975,1
78,1268,1
78,1724,1
78,1893,1
78,68053,1
79,974,11
79,923,10
79,12837,4
79,21525,4
79,2538,3
79,929,3
79,11896,3
79,5284,3
79,514,3
79,23091,2
80,106,2
80,71,1
80,107,1
80,119,1
80,101,1
80,117,1
80,4607,1
80,7728,1
80,1371,1
81,4,11
81,104,4
81,11061,4
81,107796,1
81,3008,1
81,78523,1
81,75929,1
81,58141,1
81,418,1
81,1766,1
83,21,2
83,824,2
83,826,2
83,655,2
83,448,2
83,923,2
83,2156,1
83,84,1
83,2611,1
83,199,1
84,676,3
84,21525,2
84,923,2
84,79,2
84,1146,2
84,77,1
84,1490,1
84,306,1
84,83,1
84,157,1
85,104,12
85,3082,4
85,13001,3
85,160,2
85,587,2
85,97699,2
85,13634,1
85,1362,1
85,371,1
85,413,1
86,36,3
86,8,3
86,306,2
86,106,2
86,21525,2
86,84,1
86,1113,1
87,1859,3
87,133,1
87,16739,1
87,5113,1
87,5454,1
87,105084,1
88,107,1
88,11620,1
89,1594,1
89,4354,1
89,26099,1
90,5255,3
90,10270,2
90,710,1
90,107,1
90,1365,1
90,108,1
90,18222,1
90,77,1
90,456,1
90,19432,1
91,18,4
91,766,4
91,165,3
91,3694,3
91,3665,2
91,3381,1
91,829,1
91,5256,1
91,308,1
91,51115,1
92,119,4
92,554,3
92,36,3
92,24457,3
92,8908,2
92,54,2
92,101,2
92,655,2
92,396,2
92,190,1
94,36,4
94,1804,2
94,513,1
94,1528,1
94,2145,1
94,552,1
94,46,1
94,438,1
94,40813,1
94,54,1
97,107,6
97,78649,1
97,325,1
97,446,1
97,110,1
98,99,2
98,115730,2
98,457,1
98,3498,1
98,37,1
98,11728,1
98,10149,1
98,107,1
98,3980,1
98,14770,1
99,21,3
99,3866,3
99,13558,2
99,27,2
99,98,2
99,101,2
99,3522,1
99,746,1
99,1465,1
99,5430,1
101,429,3
101,329,3
101,414,3
101,106,2
101,554,2
101,956,2
101,92,2
101,320,2
101,10386,2
101,99,2
102,8,9
102,411,7
102,8157,7
102,320,6
102,14236,5
102,37,4
102,2923,4
102,5255,4
102,106,4
102,80907,4
103,3715,2
103,610,2
103,10776,1
103,164,1
103,30,1
103,58,1
103,2686,1
103,5901,1
103,2699,1
103,3329,1
104,85,12
104,21676,9
104,119161,6
104,17051,5
104,105399,4
104,4,4
104,81,4
104,46258,4
104,3468,4
104,81467,3
105,5664,4
105,676,3
105,24,2
105,13492,2
105,12,2
105,25,2
105,588,1
105,1102,1
105,11961,1
105,40085,1
106,320,6
106,36,5
106,102,4
106,118,4
106,9,4
106,77,3
106,190,3
106,271,2
106,35,2
106,54,2
107,71,4
107,755,3
107,933,3
107,572,2
107,110,2
107,40865,1
107,463,1
107,6424,1
107,9832,1
107,501,1
108,10,5
108,918,2
108,9,1
108,27,1
108,90,1
108,907,1
108,573,1
108,4623,1
108,309,1
108,133,1
109,118,2
109,33,2
109,113,1
109,538,1
109,107,1
109,500,1
110,16,4
110,446,3
110,107,2
110,755,2
110,671,1
111,3414,1
112,14073,1
112,736,1
113,133,2
113,107,1
113,1406,1
113,9210,1
113,109,1
113,19109,1
113,25322,1
113,14550,1
113,1325,1
113,10,1
114,9,2
114,982,2
114,908,2
114,8299,1
114,4650,1
114,14922,1
114,102335,1
116,8456,1
116,580,1
116,23718,1
117,8456,4
117,80,1
117,580,1
117,80533,1
118,106,4
118,33,3
118,102,3
118,109,2
118,104,1
118,5775,1
118,26021,1
118,7144,1
118,8583,1
118,10,1
119,9,4
119,92,4
119,24457,3
119,306,2
119,80,1
119,216,1
119,464,1
119,554,1
119,106,1
119,7857,1
124,4,1
124,1440,1
124,11061,1
124,3321,1
124,110771,1
125,324,1
125,976,1
126,19135,1
127,92,1
128,10,6
128,551,3
128,322,2
128,1193,1
128,21,1
128,38,1
128,1464,1
128,1893,1
128,975,1
128,32151,1
130,1061,1
130,1414,1
130,792,1
130,30,1
130,7269,1
132,1045,1
133,918,3
133,500,2
133,113,2
133,689,2
133,1097,2
133,1236,2
133,297,2
133,10,2
133,9,2
133,87,1
134,136,3
134,26,2
134,32,2
134,326,2
134,6032,1
134,14036,1
134,3407,1
134,14,1
134,7265,1
134,10796,1
136,134,3
136,53,3
136,22,2
136,11,2
136,410,1
136,500,1
136,3438,1
136,8341,1
136,3565,1
136,326,1
140,11416,1
141,496,1
142,564,12
142,12586,8
142,584,6
142,5293,5
142,24836,3
142,33031,2
142,221,2
142,8446,2
142,1649,2
142,11434,2
143,3306,1
143,1406,1
143,3326,1
143,8990,1
143,958,1
144,446,1
145,3731,6
145,67019,5
145,28,4
145,28393,3
145,9711,3
145,45143,2
145,1741,2
145,2976,2
145,1735,2
145,644,2
149,72467,9
149,1409,5
149,564,4
149,1400,3
149,1133,3
149,768,3
149,1470,3
149,664,2
149,98270,2
149,13723,2
151,5227,1
152,1904,1
152,4539,1
152,336,1
152,14335,1
152,14545,1
152,58027,1
156,1412,3
156,11553,2
156,618,1
156,8,1
156,102,1
156,1237,1
156,21614,1
156,20843,1
156,4832,1
156,411,1
157,71,3
157,877,3
157,610,3
157,411,3
157,899,2
157,1563,1
157,102,1
157,84,1
157,17996,1
157,929,1
158,1102,3
158,8585,2
158,41697,2
158,826,2
158,11089,2
158,17541,2
158,635,2
158,1508,1
158,5775,1
158,35255,1
160,339,2
160,85,2
160,8482,2
160,17,1
160,615,1
160,30,1
160,413,1
160,4368,1
160,12395,1
160,23,1
162,573,1
162,1542,1
162,19154,1
163,7631,1
163,11438,1
163,35573,1
164,3715,4
164,3378,3
164,15718,3
164,19111,3
164,7342,2
164,10776,2
164,820,2
164,29,2
164,1838,1
164,30315,1
165,91,3
165,766,2
165,983,1
165,5767,1
165,69,1
165,3127,1
165,3665,1
165,5723,1
165,17134,1
165,1757,1
167,700,1
167,595,1
167,553,1
169,9711,1
170,297,2
170,407,2
170,1162,2
170,5090,2
170,1702,2
170,7532,2
170,14127,1
170,10378,1
170,171,1
170,1250,1
171,170,1
171,24557,1
173,40,1
173,15087,1
173,1059,1
173,6642,1
174,1059,1
176,738,1
176,1623,1
176,27615,1
176,107,1
176,55,1
176,18019,1
177,71,1
181,267,1
181,11952,1
182,384,1
182,4421,1
182,3986,1
182,377,1
182,401,1
184,23,2
184,571,1
186,20762,1
186,3633,1
187,3091,1
187,4513,1
187,3554,1
187,188,1
187,20762,1
187,3633,1
187,8295,1
188,3554,1
188,187,1
188,562,1
188,20762,1
188,3633,1
190,411,3
190,36,3
190,106,3
190,102,3
190,8,2
190,54,2
190,117328,2
190,92,1
190,1267,1
190,1867,1
191,2924,1
191,11493,1
194,1515,1
196,2953,1
199,6262,2
199,83,1
199,912,1
199,405,1
199,1325,1
199,102343,1
201,698,1
201,44933,1
206,698,1
209,19279,2
209,7989,1
209,250,1
209,8522,1
209,212,1
209,1110,1
209,11956,1
209,26140,1
209,8015,1
212,823,1
212,209,1
214,72431,1
216,119,1
216,1023,1
216,698,1
219,3438,4
219,584,3
219,15205,3
219,24692,2
219,49865,2
219,401,2
219,18619,2
219,20,1
219,24705,1
219,114406,1
221,142,2
221,432,2
221,11,1
221,656,1
221,564,1
221,15537,1
221,14413,1
221,113138,1
222,267,1
222,2111,1
222,2,1
222,984,1
223,11956,1
223,3044,1
229,13102,3
229,14440,2
229,82947,2
229,17927,2
229,30603,2
229,7181,2
229,970,2
229,25598,1
229,142,1
229,3438,1
230,241,1
230,807,1
237,892,1
241,892,1
241,113,1
241,230,1
246,7342,1
246,20424,1
246,14388,1
246,921,1
248,10356,1
248,1669,1
248,3665,1
248,11862,1
248,11283,1
248,7130,1
248,55,1
248,469,1
248,7572,1
249,54817,2
249,2921,1
249,48,1
249,1417,1
249,389,1
249,3993,1
249,962,1
249,19984,1
249,779,1
249,878,1
250,209,1
250,3418,1
251,281,1
251,17,1
251,8652,1
255,902,1
257,19171,1
257,309,1
257,17069,1
257,107,1
257,49611,1
258,8734,1
258,3842,1
258,14841,1
259,1536,1
259,3189,1
267,486,4
267,564,3
267,674,2
267,13801,2
267,4624,2
267,24,2
267,1517,2
267,21111,1
267,338,1
267,1133,1
269,3116,1
269,84,1
269,102,1
269,778,1
269,5245,1
269,10908,1
269,106,1
269,562,1
269,786,1
271,8,4
271,423,3
271,3446,2
271,3474,2
271,106,2
271,306,2
271,854,2
271,508,2
271,610,2
271,471,1
276,1450,1
277,918,1
277,1984,1
277,3866,1
278,12,5
278,45665,2
278,595,2
278,53,2
278,17237,1
278,19135,1
278,2,1
278,11,1
278,547,1
278,14582,1
281,9152,1
281,2459,1
281,11551,1
281,1626,1
284,892,1
284,3189,1
284,90,1
284,79085,1
285,1202,2
287,583,1
287,11350,1
287,17902,1
295,107,1
295,446,1
296,958,2
296,19154,2
296,297,1
296,2965,1
296,1508,1
296,735,1
296,65319,1
296,24705,1
296,108782,1
297,27,2
297,170,2
297,133,2
297,296,1
297,908,1
298,6871,1
298,3980,1
299,357,1
299,20959,1
302,48,2
302,572,1
302,23,1
302,1061,1
303,562,1
304,671,3
304,4281,1
304,21761,1
304,36885,1
304,16681,1
304,22986,1
304,446,1
304,57015,1
304,1032,1
304,10,1
305,7,1
305,355,1
305,4957,1
305,17851,1
306,86,2
306,119,2
306,271,2
306,84,1
306,1237,1
306,3682,1
306,106,1
306,119656,1
308,47549,2
308,443,2
308,8039,2
308,3127,1
308,18979,1
308,1162,1
308,1802,1
308,4805,1
308,11589,1
308,18977,1
309,10,1
309,257,1
309,108,1
314,756,1
314,891,1
314,7363,1
314,4011,1
316,1581,2
316,1367,1
316,58,1
316,28,1
316,127120,1
317,460,1
318,19007,1
318,88991,1
318,4108,1
318,21856,1
318,26079,1
318,27317,1
318,815,1
318,3288,1
319,160,1
319,1031,1
320,18,11
320,106,6
320,102,6
320,411,4
320,75989,4
320,22044,3
320,11782,2
320,1237,2
320,1068,2
320,101,2
322,128,2
322,2683,1
322,1893,1
322,509,1
322,7066,1
322,102,1
322,1859,1
324,125,1
324,586,1
324,7778,1
324,429,1
324,4109,1
324,37,1
324,14997,1
325,1086,1
325,621,1
325,671,1
325,16,1
325,18542,1
326,50,3
326,869,3
326,32337,2
326,134,2
326,988,1
326,14588,1
326,40167,1
326,13,1
326,1570,1
326,5593,1
328,7024,1
329,101,3
329,2923,3
329,411,2
329,35,2
329,30,1
329,5362,1
329,414,1
329,3242,1
329,3678,1
329,4425,1
330,392,1
330,1270,1
330,1802,1
330,1896,1
330,820,1
330,4016,1
330,3378,1
330,22546,1
330,13463,1
332,2459,1
332,28,1
332,3359,1
336,32779,8
336,6853,6
336,915,6
336,39883,6
336,8586,5
336,106809,4
336,12269,4
336,6812,4
336,661,3
336,3608,2
338,24,3
338,5210,3
338,5801,2
338,5701,2
338,3031,2
338,40,2
338,10524,1
338,10960,1
338,556,1
338,42579,1
339,838,4
339,160,2
339,5926,2
339,44,1
339,1735,1
339,1741,1
339,1752,1
339,3082,1
339,3084,1
339,3537,1
341,783,1
341,38,1
341,676,1
343,96792,1
343,5113,1
343,16878,1
343,24,1
343,922,1
343,7416,1
343,1063,1
343,32,1
344,1,4
344,21,3
344,443,2
344,933,2
344,936,2
344,1067,1
344,83,1
344,5491,1
344,25,1
344,541,1
346,3408,1
347,744,2
347,420,1
347,421,1
347,3987,1
347,88639,1
347,41893,1
348,1244,3
348,738,3
348,973,2
348,3330,1
348,1610,1
348,6430,1
348,23165,1
348,30101,1
348,39505,1
348,73923,1
350,30,11
350,422,3
350,483,2
350,19846,1
350,1077,1
350,12394,1
350,674,1
350,778,1
350,1271,1
350,1444,1
354,41769,1
355,305,1
355,11652,1
356,3031,2
356,29651,2
356,3522,1
356,467,1
356,373,1
356,8456,1
356,534,1
356,7343,1
356,11850,1
356,9,1
357,299,1
357,5413,1
358,3392,1
362,460,1
362,19580,1
362,381,1
362,483,1
362,7749,1
362,863,1
362,6962,1
362,18528,1
362,30175,1
364,956,1
364,439,1
364,4,1
364,4453,1
364,35313,1
366,773,2
366,7247,2
366,11734,2
366,23419,2
366,886,2
366,3097,2
366,4660,1
366,273,1
366,698,1
366,26570,1
367,19,1
369,1893,1
369,484,1
369,10,1
369,551,1
369,128,1
370,268,1
371,104,2
371,85,1
371,1362,1
371,11779,1
371,11593,1
371,2629,1
371,16315,1
371,587,1
371,81467,1
371,63183,1
372,496,1
372,10347,1
372,43525,1
373,556,3
373,703,2
373,658,2
373,1800,1
373,79,1
373,562,1
373,923,1
373,1740,1
373,976,1
373,1047,1
375,107908,2
375,49,1
375,1754,1
375,10354,1
375,7,1
375,19156,1
375,118158,1
375,6911,1
377,182,1
377,1408,1
378,3496,1
378,455,1
378,500,1
378,1208,1
379,740,2
379,20266,2
379,1132,1
379,28743,1
379,1479,1
379,1461,1
379,564,1
379,44933,1
381,591,4
381,4196,1
381,31857,1
381,1398,1
381,2921,1
381,3344,1
381,413,1
381,1085,1
381,3493,1
381,1271,1
382,1207,1
384,182,1
384,4650,1
384,7713,1
385,1133,1
385,574,1
385,267,1
387,54897,4
387,57015,3
387,6520,1
387,1162,1
387,23689,1
387,773,1
387,5111,1
387,15531,1
387,3554,1
387,3952,1
389,249,1
389,1104,1
390,8082,1
390,336,1
391,57,2
391,381,1
391,1085,1
391,483,1
391,3436,1
391,13171,1
391,16761,1
392,419,3
392,16732,2
392,610,2
392,3715,2
392,3633,2
392,29,2
392,4270,2
392,539,1
392,11458,1
392,330,1
393,1675,2
393,1061,2
393,1462,1
393,499,1
393,111192,1
394,472,1
394,18068,1
395,12586,4
395,4068,2
395,1075,2
395,12039,1
395,142,1
395,3438,1
395,14975,1
395,731,1
395,13723,1
395,65647,1
396,9,5
396,7162,3
396,400,2
396,5801,2
396,92,2
396,12,2
396,11,1
396,26,1
396,27861,1
396,54,1
397,510,1
397,9,1
399,58509,2
399,418,2
399,102330,2
399,106809,1
399,4453,1
399,35313,1
399,9115,1
399,86016,1
399,98930,1
399,116765,1
400,396,2
400,12200,2
400,16767,2
400,8507,2
400,11451,1
400,16773,1
400,132248,1
400,554,1
400,1591,1
400,11012,1
401,33327,14
401,104314,6
401,49865,4
401,1474,4
401,14634,3
401,564,3
401,15001,3
401,102343,2
401,23390,2
401,66265,2
405,773,2
405,912,1
405,85173,1
405,5767,1
405,959,1
405,1,1
405,199,1
405,3257,1
405,574,1
405,958,1
406,11558,1
406,24098,1
406,15805,1
406,635,1
406,5293,1
406,544,1
407,1162,3
407,24705,3
407,13729,2
407,170,2
407,12309,2
407,28,2
407,48621,2
407,13171,2
407,21286,2
407,56805,2
409,559,1
409,1432,1
409,3633,1
409,25810,1
409,3509,1
409,1397,1
409,4945,1
409,3904,1
410,3565,3
410,888,1
410,4149,1
410,136,1
410,16,1
410,1154,1
410,3214,1
411,10386,11
411,102,7
411,37,5
411,320,4
411,1978,3
411,2923,3
411,157,3
411,190,3
411,610,2
411,17018,2
413,2570,3
413,1398,2
413,160,1
413,28226,1
413,381,1
413,85,1
413,17,1
413,31,1
413,838,1
413,18361,1
414,101,3
414,1526,1
414,411,1
414,329,1
414,429,1
414,956,1
414,24825,1
414,1978,1
414,3474,1
414,8,1
416,656,2
416,3868,2
416,658,1
416,1672,1
416,3285,1
416,7482,1
416,648,1
418,1859,5
418,4,4
418,10,3
418,5158,3
418,4623,2
418,1893,2
418,16739,2
418,3713,2
418,52043,2
418,16692,2
419,1156,3
419,2895,3
419,392,3
419,6888,3
419,28393,2
419,610,2
419,1469,2
419,1009,1
419,3727,1
419,3329,1
420,4354,3
420,28,3
420,475,2
420,3776,2
420,54,2
420,21286,2
420,347,1
420,1859,1
420,1662,1
420,689,1
421,862,4
421,26769,3
421,16,2
421,1690,1
421,16019,1
421,22046,1
421,818,1
421,347,1
421,730,1
421,815,1
422,3378,6
422,610,5
422,30,4
422,17904,4
422,350,3
422,1444,2
422,762,2
422,5252,2
422,877,2
422,54779,2
423,271,3
423,554,2
423,1228,1
423,1798,1
423,92,1
423,3446,1
423,15970,1
423,8986,1
423,6306,1
423,11451,1
424,3194,4
424,2060,1
424,893,1
424,5664,1
424,15805,1
424,12757,1
424,12672,1
424,4624,1
424,8157,1
424,111223,1
425,19,1
425,489,1
425,428,1
425,101,1
425,3438,1
425,26285,1
425,320,1
425,22547,1
426,25,2
426,1105,1
426,4307,1
426,24879,1
426,6030,1
426,48045,1
426,2,1
427,646,1
427,70801,1
427,15247,1
427,698,1
427,1153,1
428,425,1
429,101,3
429,956,3
429,22986,2
429,324,1
429,414,1
429,24825,1
429,10386,1
429,9778,1
429,3655,1
429,15104,1
430,818,4
430,16,2
430,1183,2
430,26769,2
430,67019,2
430,57,1
430,815,1
430,866,1
430,1217,1
430,1640,1
432,221,2
432,7842,1
432,7197,1
432,656,1
436,909,7
436,912,5
436,970,4
436,7166,3
436,102161,2
436,30603,2
436,958,2
436,564,2
436,119991,1
436,126699,1
438,13,2
438,94,1
438,1061,1
438,25683,1
438,103687,1
439,665,1
439,956,1
439,3098,1
439,364,1
439,37,1
439,22547,1
439,30129,1
439,6013,1
439,24825,1
440,6484,1
441,3716,1
442,5744,2
442,149,1
442,1076,1
442,89190,1
442,664,1
442,17139,1
443,1033,5
443,17,5
443,682,4
443,3715,3
443,1802,3
443,1031,3
443,3849,2
443,344,2
443,9222,2
443,877,2
444,67463,1
444,85974,1
444,43287,1
444,6812,1
444,1741,1
444,5651,1
445,6812,4
445,6816,1
445,7636,1
445,13901,1
445,5651,1
445,915,1
445,4444,1
445,104565,1
445,336,1
446,110,3
446,107,1
446,295,1
446,27989,1
446,1499,1
446,3284,1
446,662,1
446,7519,1
446,23,1
446,304,1
447,1143,4
447,25297,2
447,14093,1
447,872,1
447,12985,1
447,8967,1
447,4158,1
447,44155,1
447,119965,1
448,1413,3
448,21,2
448,635,2
448,83,2
448,677,2
448,976,2
448,1853,1
448,1922,1
448,2566,1
448,18006,1
449,508,1
449,1113,1
449,94,1
450,2937,1
450,32981,1
450,3872,1
450,4261,1
452,9,1
452,7008,1
452,4335,1
452,16594,1
455,586,2
455,1267,2
455,3715,2
455,618,2
455,562,1
455,710,1
455,3028,1
455,514,1
455,1416,1
455,378,1
456,16283,3
456,12,1
456,12922,1
456,90,1
456,10507,1
456,24099,1
456,8085,1
456,24,1
456,153969,1
456,1349,1
457,98,1
457,959,1
457,130799,1
459,676,2
459,16034,1
459,1412,1
459,2159,1
459,8157,1
459,102,1
459,2542,1
459,562,1
459,3682,1
459,7599,1
460,65473,2
460,48,1
460,878,1
460,362,1
460,6962,1
460,7010,1
460,31883,1
460,19274,1
460,54817,1
460,148,1
462,975,1
462,7738,1
463,4632,6
463,8967,4
463,46282,2
463,117351,2
463,966,2
463,1238,2
463,5674,2
463,135578,1
463,481,1
463,24705,1
464,119,1
464,14067,1
464,7734,1
465,103668,1
465,1409,1
467,356,1
467,907,1
467,2459,1
467,10901,1
467,28631,1
469,102,3
469,30,2
469,71,1
469,5255,1
469,6520,1
469,13035,1
469,4485,1
469,248,1
469,27563,1
469,4805,1
471,3077,1
471,8,1
471,271,1
471,7132,1
472,906,2
472,908,1
472,394,1
472,32,1
472,39231,1
473,22,2
473,3031,1
473,13599,1
473,17836,1
473,16449,1
474,22,2
474,4307,1
474,3949,1
475,1978,4
475,997,3
475,420,2
475,29,2
475,9122,1
475,647,1
475,7378,1
475,31,1
475,8974,1
475,407,1
478,8456,1
478,580,1
478,42,1
480,827,1
480,79,1
481,3097,2
481,14483,1
481,26570,1
481,731,1
481,642,1
481,8563,1
481,15037,1
481,19074,1
481,7375,1
481,5655,1
482,102,3
482,10467,1
482,57,1
482,1110,1
482,1079,1
482,4192,1
482,8157,1
483,57,22
483,606,4
483,619,3
483,634,2
483,12450,2
483,350,2
483,10776,1
483,16761,1
483,391,1
483,381,1
486,267,4
486,149,2
486,373,1
486,2,1
486,25,1
489,558,1
489,752,1
489,425,1
489,764,1
489,10347,1
489,3288,1
489,3885,1
489,616,1
489,3438,1
489,698,1
491,614,1
492,1450,1
496,988,1
496,21618,1
497,2,2
497,976,1
499,21,2
499,7458,2
499,393,1
499,674,1
499,32129,1
500,133,2
500,9,2
500,109,1
500,136,1
500,536,1
500,378,1
500,1097,1
500,42579,1
500,27,1
500,61097,1
501,572,1
501,107,1
504,514,1
504,923,1
504,7325,1
504,19846,1
504,84,1
504,562,1
504,2538,1
504,974,1
505,772,1
507,1271,1
508,36,3
508,271,2
508,554,1
508,449,1
508,1804,1
508,4290,1
508,99944,1
508,6306,1
508,127248,1
508,35,1
509,573,2
509,1350,1
509,1922,1
509,322,1
509,9,1
509,14,1
509,3438,1
509,735,1
509,1642,1
509,13271,1
510,397,1
510,33327,1
512,32,1
512,658,1
512,1076,1
512,44,1
513,19,2
513,22,2
513,8850,2
513,8341,2
513,676,2
513,2,1
513,94,1
513,906,1
513,861,1
513,14582,1
514,974,6
514,79,3
514,923,3
514,42001,2
514,553,2
514,4009,2
514,1533,1
514,3519,1
514,3691,1
514,3926,1
517,4612,1
526,548,1
526,29845,1
526,27161,1
526,80797,1
530,1402,2
530,4745,2
530,4770,1
531,1690,1
532,3947,1
534,21,2
534,1649,2
534,976,2
534,1061,1
534,674,1
534,102,1
534,5627,1
534,356,1
534,11089,1
534,3486,1
536,553,1
536,14073,1
536,1922,1
536,4242,1
536,500,1
537,4571,2
537,15491,2
537,610,1
537,1860,1
537,11896,1
537,885,1
537,79,1
537,1452,1
537,609,1
537,20157,1
538,3831,1
538,4308,1
538,109,1
539,392,1
539,28,1
539,14700,1
541,401,1
541,13511,1
541,344,1
541,3426,1
542,610,2
542,1110,1
542,591,1
542,3124,1
542,103,1
543,1267,2
543,677,1
543,139,1
543,4459,1
543,710,1
543,5479,1
543,10,1
543,448,1
544,17372,2
544,13518,1
544,133,1
544,586,1
544,15491,1
544,6164,1
544,406,1
544,89553,1
545,12537,1
545,1798,1
548,526,1
549,79,2
549,562,1
549,5245,1
549,10908,1
549,974,1
549,923,1
551,10,5
551,128,3
551,1893,2
551,68053,2
551,1842,1
551,562,1
551,3519,1
551,659,1
551,369,1
551,16707,1
552,854,1
552,94,1
552,36,1
553,655,2
553,514,2
553,536,1
553,1043,1
553,1299,1
553,2538,1
553,736,1
553,167,1
553,1869,1
553,11701,1
554,92,3
554,423,2
554,101,2
554,119,1
554,33,1
554,400,1
554,1581,1
554,10027,1
554,38,1
554,1798,1
555,92,1
555,854,1
556,373,3
556,3076,2
556,618,2
556,338,1
556,747,1
556,976,1
556,3486,1
556,43661,1
556,703,1
556,16531,1
557,3257,1
559,409,1
560,956,2
561,618,1
561,48,1
561,562,1
562,8456,2
562,79,1
562,373,1
562,455,1
562,549,1
562,551,1
562,586,1
562,778,1
562,1533,1
562,1708,1
563,1110,2
563,5255,1
563,6520,1
563,9422,1
563,610,1
563,1563,1
563,633,1
563,3141,1
563,11850,1
563,17,1
564,3438,13
564,2,12
564,142,12
564,104314,8
564,23390,7
564,64465,6
564,37563,6
564,24561,6
564,62887,6
564,33031,5
565,84,1
571,91,1
571,184,1
571,9222,1
572,48,2
572,26584,2
572,107,2
572,401,2
572,302,1
572,3225,1
572,615,1
572,9774,1
572,501,1
572,102,1
573,509,2
573,756,1
573,162,1
573,8951,1
573,1351,1
573,3405,1
573,108,1
573,19,1
573,3076,1
573,14498,1
574,3986,3
574,24,2
574,33327,2
574,982,1
574,385,1
574,20597,1
574,1962,1
574,1063,1
574,405,1
574,338,1
575,133,1
575,1350,1
576,710,3
576,1802,1
576,407,1
576,2965,1
576,1595,1
579,1235,1
579,3468,1
579,41973,1
579,43415,1
580,8456,3
580,478,1
580,116,1
580,3438,1
580,700,1
580,117,1
580,102335,1
580,595,1
580,21479,1
580,1355,1
582,1633,2
582,18939,2
582,26079,1
582,5484,1
582,4480,1
582,7654,1
582,8950,1
582,13273,1
582,3468,1
582,1722,1
583,2,44
583,23390,16
583,12,8
583,24,5
583,37563,4
583,96792,3
583,33327,3
583,564,3
583,933,2
583,42579,2
584,93180,10
584,3986,10
584,28697,6
584,142,6
584,3438,5
584,21,5
584,933,4
584,1649,4
584,24836,3
584,65685,3
585,97244,5
585,41973,3
585,1669,2
585,1363,2
585,3993,2
585,710,2
585,4632,2
585,96936,2
585,29,1
585,92252,1
586,455,2
586,544,1
586,976,1
586,1766,1
586,17465,1
586,29141,1
586,12633,1
586,960,1
586,5297,1
586,562,1
587,13001,6
587,20855,2
587,85,2
587,109542,1
587,696,1
587,19945,1
587,4576,1
587,1722,1
587,1735,1
587,1362,1
588,24,1
588,105,1
588,16532,1
588,18361,1
588,4215,1
588,15053,1
589,983,1
589,1329,1
589,1617,1
589,1633,1
589,1694,1
589,3719,1
589,3916,1
589,4293,1
589,4308,1
589,4392,1
591,31,14
591,3378,6
591,4514,4
591,381,4
591,5255,4
591,8974,3
591,11767,3
591,1444,3
591,4261,2
591,2923,2
593,42381,1
595,8456,5
595,70,2
595,72303,2
595,45665,2
595,278,2
595,82427,1
595,42579,1
595,514,1
595,1076,1
595,1533,1
598,13,26
598,14,13
598,86337,12
598,6097,5
598,44485,5
598,11027,4
598,11,4
598,14790,3
598,35003,3
598,4358,2
601,85943,1
602,90,1
604,3872,1
604,11801,1
604,874,1
604,3288,1
606,57,10
606,483,4
606,30,2
606,1573,1
606,1978,1
606,7939,1
606,4228,1
606,2916,1
606,10657,1
606,13056,1
607,10,1
607,158,1
607,609,1
607,44139,1
608,28,1
608,1021,1
608,3520,1
609,6030,1
609,102,1
609,665,1
609,607,1
609,878,1
609,537,1
610,3715,15
610,1469,10
610,762,9
610,3529,6
610,1802,5
610,619,5
610,422,5
610,8742,4
610,14633,4
610,5255,4
611,1517,3
611,2,3
611,15,1
611,652,1
611,497,1
611,513,1
611,893,1
611,44485,1
613,3575,1
613,3986,1
613,1303,1
614,11,2
614,33429,2
614,491,1
614,20,1
614,598,1
614,872,1
614,14,1
614,32,1
614,7887,1
615,16,8
615,160,1
615,572,1
615,11294,1
615,16526,1
615,19601,1
615,39335,1
615,22952,1
615,15495,1
615,4077,1
616,33699,4
616,838,2
616,86337,2
616,104241,2
616,48,2
616,13872,2
616,35003,2
616,15,2
616,7775,2
616,22044,2
618,976,5
618,665,3
618,1951,3
618,1274,3
618,34133,3
618,6520,2
618,37,2
618,556,2
618,30961,2
618,3554,2
619,610,5
619,483,3
619,1978,2
619,57,2
619,13463,2
619,940,1
619,2921,1
619,13188,1
619,4239,1
619,10893,1
622,824,1
623,17551,1
624,3715,1
624,17,1
624,877,1
624,6888,1
625,13111,2
625,2149,1
625,71,1
625,678,1
625,820,1
625,1202,1
625,1826,1
625,3633,1
625,10144,1
625,18362,1
627,682,4
627,1031,3
627,1039,1
627,886,1
627,1801,1
627,591,1
627,997,1
627,4514,1
627,31,1
627,17184,1
628,3633,1
628,633,1
628,3916,1
628,7201,1
628,766,1
628,1617,1
628,19980,1
629,4514,2
629,1339,2
629,828,2
629,647,1
629,1237,1
629,3116,1
629,28825,1
629,5169,1
629,16908,1
629,55081,1
631,1085,2
631,1740,1
631,6918,1
631,4895,1
631,877,1
631,3926,1
631,14435,1
631,13171,1
631,1635,1
631,12837,1
633,30,11
633,30315,4
633,49,3
633,2995,2
633,11051,2
633,411,2
633,4514,2
633,37801,1
633,20461,1
633,5314,1
634,35243,3
634,13245,3
634,483,2
634,879,1
634,16247,1
634,1866,1
634,57,1
634,610,1
634,10386,1
634,16908,1
635,3866,9
635,918,2
635,689,2
635,448,2
635,665,2
635,158,2
635,984,2
635,3031,2
635,729,1
635,3076,1
640,1332,1
640,2143,1
640,4015,1
640,1566,1
640,92,1
642,2,26
642,656,16
642,16765,7
642,23685,4
642,85968,3
642,11514,3
642,102343,2
642,58563,2
642,731,2
642,11701,2
644,145,2
644,861,1
644,7636,1
644,5651,1
644,1735,1
645,884,1
645,1171,1
645,12245,1
645,7749,1
645,1039,1
645,3387,1
645,591,1
646,4374,1
646,5674,1
646,427,1
646,70801,1
647,1339,5
647,997,3
647,877,2
647,629,1
647,618,1
647,475,1
647,1065,1
647,11577,1
647,460,1
647,3436,1
648,24903,4
648,735,4
648,649,2
648,3986,2
648,30959,1
648,24,1
648,10230,1
648,1296,1
648,1933,1
648,1049,1
649,648,2
649,959,2
649,3159,1
649,3031,1
649,768,1
649,21,1
649,17536,1
649,64465,1
649,583,1
649,933,1
650,902,1
651,2,3
651,664,2
651,731,2
651,149,2
651,3274,2
651,1766,1
651,35515,1
651,418,1
651,18293,1
651,974,1
652,448,1
652,693,1
653,843,2
653,411,2
653,20,1
653,7656,1
653,5602,1
653,336,1
653,20647,1
653,44,1
653,39883,1
653,838,1
655,553,2
655,7010,2
655,960,2
655,92,2
655,83,2
655,923,2
655,1075,2
655,665,2
655,1529,1
655,158,1
656,2,34
656,642,16
656,7375,11
656,658,7
656,22,5
656,727,5
656,657,3
656,3285,3
656,7842,3
656,14582,3
657,51,7
657,7375,6
657,656,3
657,56805,3
657,85719,2
657,14483,2
657,78477,1
657,1456,1
657,83655,1
658,656,7
658,85968,4
658,2,4
658,22,3
658,7842,2
658,904,2
658,4421,2
658,373,2
658,7999,1
658,3868,1
659,665,1
659,551,1
659,1893,1
659,674,1
660,58563,2
660,772,2
660,100749,2
660,3192,2
660,40311,1
660,82943,1
660,79,1
660,729,1
660,75571,1
660,2,1
661,336,3
661,1428,2
661,14154,2
661,32779,2
661,17360,1
661,4553,1
661,4648,1
661,7342,1
661,463,1
661,44,1
662,12,2
662,110962,1
662,1474,1
662,49865,1
662,1533,1
662,446,1
662,658,1
662,14893,1
663,3288,1
663,10837,1
663,116766,1
664,731,3
664,768,2
664,149,2
664,651,2
664,1409,2
664,1215,2
664,10004,1
664,564,1
664,1929,1
664,698,1
665,6520,3
665,618,3
665,689,2
665,6030,2
665,14821,2
665,655,2
665,1268,2
665,635,2
665,4487,1
665,39813,1
668,731,1
668,1023,1
668,3396,1
668,651,1
669,12586,9
669,14440,5
669,40175,4
669,564,3
669,39139,2
669,23390,2
669,94896,2
669,4068,2
669,219,1
669,37563,1
670,698,4
670,8446,3
670,59299,3
670,773,2
670,10552,2
670,88390,2
670,1373,1
670,102,1
670,3,1
670,1153,1
671,31499,3
671,16,3
671,304,3
671,36213,3
671,4844,2
671,12036,2
671,4077,2
671,57015,2
671,42,1
671,145686,1
674,30381,4
674,3866,3
674,8585,2
674,1925,2
674,1893,2
674,19167,2
674,1061,2
674,267,2
674,60783,2
674,21062,2
676,8157,8
676,923,3
676,23,3
676,105,3
676,84,3
676,22,2
676,1982,2
676,513,2
676,12,2
676,13558,2
677,1237,3
677,448,2
677,16637,1
677,20697,1
677,5502,1
677,7872,1
677,3631,1
677,20396,1
677,1339,1
677,11877,1
678,1291,3
678,1225,2
678,2973,2
678,12418,2
678,9222,1
678,684,1
678,1237,1
678,1339,1
678,1666,1
678,2686,1
682,4514,5
682,443,4
682,627,4
682,1031,2
682,4329,2
682,1795,2
682,1662,1
682,23688,1
682,591,1
682,828,1
683,755,1
684,1291,5
684,1402,4
684,9222,1
684,4631,1
684,1339,1
684,5272,1
684,4760,1
684,5883,1
684,5306,1
684,877,1
686,1171,1
686,884,1
686,1527,1
686,9161,1
688,815,3
688,738,2
688,26769,2
688,844,1
688,853,1
688,1015,1
688,23,1
688,28226,1
688,1680,1
688,36017,1
689,3031,3
689,9777,2
689,635,2
689,11597,2
689,665,2
689,133,2
689,54,2
689,9268,2
689,45968,2
689,93972,2
691,124845,1
693,652,1
695,20103,1
695,16502,1
695,11294,1
695,47102,1
696,14721,2
696,3415,2
696,21860,2
696,31499,2
696,32779,1
696,70345,1
696,112589,1
696,957,1
696,30,1
696,1086,1
698,4632,5
698,670,4
698,111213,2
698,731,2
698,4594,1
698,24705,1
698,3285,1
698,11,1
698,92499,1
698,23868,1
699,3521,1
699,1698,1
700,167,1
700,19135,1
700,580,1
700,17237,1
703,1800,2
703,22,2
703,373,2
703,39,2
703,1533,1
703,5631,1
703,1030,1
703,556,1
703,39883,1
703,513,1
704,22,2
704,12994,2
704,267,1
704,373,1
704,24903,1
704,513,1
704,11,1
704,642,1
704,2,1
705,3031,2
705,23947,2
705,41957,2
705,933,1
705,584,1
705,34127,1
705,29447,1
705,26027,1
706,922,1
709,1665,1
709,11776,1
710,22150,4
710,3993,3
710,576,3
710,43415,2
710,1267,2
710,11678,2
710,12309,2
710,585,2
710,958,2
710,5242,1
714,19663,1
714,13059,1
715,10230,2
715,7745,1
715,10112,1
715,982,1
715,7162,1
715,11336,1
715,14922,1
715,85773,1
720,34051,1
720,7085,1
720,29447,1
720,4145,1
720,15086,1
724,896,1
724,2556,1
724,4358,1
724,13,1
726,6043,1
726,7162,1
727,656,5
727,2,3
727,7482,2
727,932,2
727,1303,2
727,15010,2
727,3285,2
727,7,2
727,1461,2
727,1149,1
728,1600,1
728,1032,1
728,1325,1
728,1474,1
728,1639,1
728,745,1
728,114548,1
729,660,1
729,1440,1
729,25855,1
729,15241,1
729,3866,1
729,25970,1
729,635,1
729,11514,1
729,28077,1
729,81,1
730,17963,1
730,1185,1
730,8205,1
730,421,1
730,16,1
730,31499,1
731,664,3
731,564,3
731,698,2
731,111745,2
731,651,2
731,3,2
731,642,2
731,1,1
731,2,1
731,3224,1
732,1462,1
732,21,1
732,674,1
732,158,1
732,336,1
732,1161,1
732,17541,1
732,35255,1
732,1061,1
733,1505,1
735,4611,7
735,648,4
735,24903,4
735,932,1
735,1319,1
735,3159,1
735,11698,1
735,267,1
735,509,1
735,1673,1
736,2,12
736,1823,2
736,656,2
736,42789,2
736,70,2
736,79555,1
736,14073,1
736,3,1
736,11069,1
736,893,1
737,10,1
737,1267,1
737,45931,1
737,46420,1
738,348,3
738,688,2
738,3468,2
738,55,1
738,176,1
738,25300,1
738,32023,1
738,463,1
738,6164,1
738,14504,1
739,10960,1
740,21,4
740,958,3
740,379,2
740,1161,1
740,2154,1
740,932,1
740,936,1
740,2994,1
740,1049,1
740,1131,1
741,4077,1
744,347,2
744,16,2
744,1189,1
744,1086,1
744,26769,1
744,4354,1
744,688,1
745,1,9
745,3,8
745,101119,2
745,768,2
745,1023,1
745,344,1
745,5576,1
745,15038,1
745,1215,1
745,731,1
746,99,1
746,1465,1
746,20756,1
747,16036,1
747,3866,1
747,556,1
747,3053,1
747,9256,1
747,933,1
747,635,1
747,1962,1
747,618,1
747,8341,1
749,2935,1
749,1658,1
752,489,1
752,616,1
753,448,1
755,818,4
755,107,3
755,110,2
755,48,1
755,71,1
755,688,1
755,1407,1
755,1166,1
755,683,1
755,16,1
756,5422,2
756,1033,2
756,24308,2
756,762,1
756,21074,1
756,88702,1
756,573,1
756,1365,1
756,891,1
756,49865,1
759,31499,4
759,12671,1
759,4328,1
759,27989,1
759,615,1
759,70345,1
759,15469,1
759,21729,1
760,13544,1
761,935,1
762,610,9
762,17007,6
762,57,3
762,3547,2
762,422,2
762,974,2
762,1092,2
762,7749,2
762,3113,2
762,3926,2
763,3554,1
763,244,1
763,12985,1
763,36213,1
763,5590,1
763,126653,1
763,30303,1
764,27,2
764,1090,1
764,7713,1
764,15205,1
764,489,1
764,635,1
764,11995,1
764,3438,1
765,332,1
765,3054,1
766,91,4
766,165,2
766,4293,2
766,1740,2
766,877,2
766,46738,2
766,628,1
766,31,1
766,5767,1
766,3519,1
767,546,1
767,1351,1
767,108,1
767,2818,1
767,1969,1
767,573,1
768,2,4
768,149,3
768,664,2
768,3270,2
768,745,2
768,1736,1
768,39427,1
768,1133,1
768,649,1
768,23285,1
769,3520,3
770,149,1
770,768,1
771,774,1
771,1533,1
771,3076,1
771,10,1
771,1982,1
772,14922,3
772,660,2
772,37,2
772,1365,1
772,830,1
772,505,1
772,5600,1
772,710,1
772,9147,1
772,4160,1
773,366,2
773,405,2
773,670,2
773,1549,1
773,1427,1
773,889,1
773,21342,1
773,25396,1
773,91711,1
773,387,1
774,448,1
775,610,1
775,3715,1
776,86016,1
778,30,1
778,269,1
778,350,1
778,562,1
778,618,1
778,1268,1
778,3565,1
778,5245,1
778,6520,1
778,7396,1
779,85802,1
779,48,1
779,3039,1
779,900,1
779,249,1
779,11606,1
779,20276,1
779,22693,1
779,2571,1
779,3102,1
780,27327,2
782,15038,1
782,747,1
783,11222,1
783,341,1
783,1253,1
783,1154,1
783,17536,1
784,16791,1
784,27,1
786,826,2
786,676,2
786,5430,2
786,8157,2
786,3633,1
786,3378,1
786,83,1
786,269,1
786,923,1
786,19285,1
788,71,1
789,3565,2
789,7526,1
789,12395,1
789,20811,1
789,15495,1
789,23285,1
789,8341,1
789,20130,1
789,22147,1
789,39883,1
790,10946,1
792,4614,1
792,1932,1
792,1061,1
792,130,1
792,28719,1
792,843,1
793,14810,1
793,13,1
796,1735,1
796,2435,1
796,104,1
796,1032,1
796,2897,1
796,40981,1
796,1505,1
796,44,1
796,128085,1
797,15654,1
797,14498,1
801,891,1
801,1033,1
801,237,1
801,903,1
801,2505,1
801,5242,1
801,10805,1
801,11734,1
801,8356,1
807,230,1
809,8236,1
815,688,3
815,11180,2
815,16,2
815,3288,2
815,818,1
815,18572,1
815,430,1
815,1189,1
815,421,1
815,1184,1
818,755,4
818,430,4
818,16269,1
818,16,1
818,421,1
818,1158,1
818,9711,1
818,9134,1
818,815,1
818,22046,1
820,58,6
820,57,3
820,164,2
820,7342,1
820,1523,1
820,30,1
820,8,1
820,419,1
820,610,1
820,625,1
823,212,1
824,83,2
824,622,1
824,923,1
824,3933,1
824,762,1
824,786,1
824,3636,1
825,28,1
825,3189,1
826,83,2
826,158,2
826,786,2
826,102,1
826,1653,1
826,8,1
826,1465,1
826,3636,1
828,629,2
828,4626,2
828,1978,2
828,940,1
828,3551,1
828,1271,1
828,16908,1
828,647,1
828,1339,1
828,11522,1
829,3334,1
829,665,1
829,862,1
829,1424,1
829,24620,1
829,5536,1
829,21858,1
829,91,1
829,766,1
829,46152,1
830,772,1
830,5272,1
833,3523,1
833,1242,1
833,11595,1
833,31,1
833,18,1
834,4372,1
834,16199,1
835,1424,1
835,20296,1
835,443,1
835,5272,1
837,562,1
837,778,1
837,4487,1
837,30129,1
837,24015,1
837,3520,1
837,5310,1
837,125,1
838,30457,7
838,6816,7
838,1735,4
838,339,4
838,6812,4
838,25297,3
838,5651,3
838,34167,3
838,4368,3
838,3378,3
840,49,1
840,3147,1
840,106155,1
840,93096,1
843,653,2
843,336,1
843,3946,1
843,11391,1
843,11977,1
843,411,1
843,792,1
844,688,1
844,1303,1
845,696,1
845,610,1
845,1,1
845,112115,1
845,853,1
845,1303,1
846,1461,1
846,10968,1
846,37915,1
848,1,1
848,1061,1
848,6910,1
853,3336,1
853,11366,1
853,688,1
853,845,1
853,11190,1
853,129451,1
854,271,2
854,552,1
854,1228,1
854,3580,1
854,555,1
855,3403,1
855,1114,1
857,1208,1
857,1198,1
857,4011,1
858,598,1
860,422,1
860,665,1
860,3840,1
861,644,1
861,513,1
861,891,1
861,219,1
861,12,1
861,674,1
861,53,1
862,421,4
862,3225,1
862,829,1
862,70941,1
862,85793,1
863,878,1
863,76,1
863,5272,1
863,362,1
863,1814,1
863,3384,1
863,16922,1
864,20379,1
864,12247,1
866,430,1
866,11061,1
866,70345,1
866,5655,1
866,933,1
868,91429,1
868,14,1
868,8070,1
868,12549,1
869,326,3
869,10010,2
869,13,2
869,50,2
869,584,2
869,7745,1
869,10552,1
869,32,1
869,5593,1
869,31075,1
870,3986,1
870,3270,1
871,9144,4
871,42,3
871,1749,2
871,6097,1
871,134,1
871,1348,1
872,50,3
872,26,2
872,13,2
872,1149,2
872,513,1
872,614,1
872,18651,1
872,5254,1
872,928,1
872,4218,1
873,3407,1
873,6784,1
873,7186,1
873,11606,1
873,20599,1
873,982,1
873,3214,1
873,16,1
873,4833,1
873,13999,1
874,604,1
874,41375,1
876,3408,1
876,778,1
876,11782,1
877,899,4
877,30,4
877,157,3
877,1271,2
877,17,2
877,443,2
877,422,2
877,766,2
877,1802,2
877,3436,2
878,29211,3
878,84339,3
878,30,2
878,460,1
878,4485,1
878,10946,1
878,17,1
878,5255,1
878,609,1
878,1444,1
879,4471,1
879,634,1
879,1310,1
879,3140,1
879,3387,1
879,67645,1
881,11926,3
881,16038,1
881,103047,1
881,114700,1
881,64565,1
881,25146,1
884,645,1
884,686,1
884,475,1
885,3866,8
885,21,2
885,975,2
885,16739,2
885,537,1
885,9844,1
885,27679,1
885,61097,1
886,5090,2
886,8,2
886,366,2
886,3097,2
886,2969,1
886,627,1
886,12760,1
886,1637,1
886,5442,1
886,4964,1
888,410,1
888,4543,1
888,3565,1
888,2161,1
888,3655,1
888,676,1
888,1165,1
888,5272,1
888,3523,1
888,4571,1
889,1153,3
889,70801,3
889,1592,2
889,83169,1
889,6752,1
889,86159,1
889,773,1
889,1474,1
889,96456,1
889,91941,1
891,756,1
891,861,1
891,4743,1
891,1350,1
892,241,1
892,1980,1
892,9296,1
892,3520,1
892,237,1
893,9,2
893,2,1
893,736,1
893,1533,1
893,424,1
893,24450,1
893,3194,1
893,1716,1
893,11711,1
893,3403,1
894,616,4
894,36213,4
894,3194,4
894,57015,3
894,45275,3
894,671,3
894,1237,2
894,21614,1
894,30303,1
894,1082,1
895,2935,1
896,724,1
896,114700,1
899,877,4
899,18,2
899,21286,2
899,157,2
899,610,1
899,30,1
899,1039,1
899,12245,1
899,37,1
899,17330,1
900,48,3
900,779,1
900,7927,1
900,2114,1
900,1669,1
900,1085,1
900,54817,1
902,3189,1
902,1033,1
902,261,1
903,10476,1
903,5125,1
903,9296,1
904,1683,3
904,658,2
904,1609,1
904,656,1
904,15537,1
904,5015,1
904,1,1
904,1149,1
904,642,1
904,1298,1
906,472,2
906,598,2
906,32,2
906,513,1
906,40,1
906,5801,1
906,11027,1
906,36,1
907,102,3
907,17,2
907,5062,1
907,926,1
907,710,1
907,77,1
907,467,1
907,1859,1
907,3995,1
907,5775,1
908,24,6
908,13,5
908,5113,4
908,24692,4
908,13492,3
908,21614,3
908,91037,2
908,50,2
908,114,2
908,1274,2
909,436,7
909,10970,2
909,12549,2
909,912,1
909,15527,1
909,4068,1
909,16688,1
909,114504,1
909,14440,1
909,137126,1
910,24417,2
910,22143,2
910,3350,1
910,1603,1
910,46282,1
910,3515,1
910,100504,1
912,436,5
912,1702,3
912,13583,2
912,44767,1
912,17465,1
912,54387,1
912,405,1
912,909,1
912,18597,1
912,199,1
913,2998,1
913,16269,1
913,15,1
915,336,6
915,51,4
915,14531,1
915,1741,1
915,1092,1
915,20806,1
915,16555,1
915,1293,1
915,2394,1
915,70589,1
918,133,3
918,108,2
918,635,2
918,277,1
918,21,1
918,1951,1
918,3737,1
918,1208,1
920,20,1
920,6310,1
921,5821,1
921,8557,1
921,246,1
922,706,1
922,3006,1
922,343,1
922,3483,1
922,22,1
923,79,10
923,974,6
923,676,3
923,102,3
923,514,3
923,1982,3
923,655,2
923,83,2
923,12837,2
923,84,2
926,30,3
926,58,2
926,610,2
926,907,1
926,3124,1
926,2698,1
926,6506,1
926,820,1
926,1830,1
926,57,1
928,9,1
928,698,1
928,872,1
928,584,1
928,1706,1
928,54,1
928,1517,1
928,1749,1
928,20561,1
928,6774,1
929,79,3
929,157,1
929,83,1
929,84,1
929,4228,1
929,4543,1
929,1268,1
929,7325,1
929,676,1
929,1451,1
930,106,2
930,24457,2
930,28,1
930,1248,1
930,24295,1
930,68445,1
932,3868,4
932,23044,3
932,727,2
932,936,2
932,118955,1
932,564,1
932,735,1
932,1449,1
932,11034,1
932,15978,1
933,3986,10
933,34377,6
933,1962,4
933,584,4
933,107,3
933,344,2
933,583,2
933,24098,1
933,866,1
933,2,1
934,1444,1
934,2921,1
934,13559,1
935,4607,1
935,761,1
935,1318,1
935,13491,1
935,1749,1
935,42939,1
936,4632,11
936,11558,4
936,1131,3
936,2179,3
936,18570,3
936,7375,2
936,1504,2
936,1238,2
936,344,2
936,1929,2
937,14357,1
938,392,1
940,619,1
940,828,1
940,2921,1
940,67645,1
941,1749,1
941,564,1
941,15372,1
941,83027,1
948,25,1
948,8650,1
948,22,1
948,14413,1
949,610,2
949,1341,1
950,591,1
950,50155,1
950,11699,1
950,15675,1
952,2,5
952,1706,2
952,12713,2
952,5996,1
952,583,1
952,1475,1
952,1658,1
952,36099,1
952,9252,1
952,1211,1
955,1355,1
956,429,3
956,560,2
956,101,2
956,109542,2
956,439,1
956,1841,1
956,364,1
956,17,1
956,91,1
956,665,1
957,696,1
957,2994,1
958,22518,5
958,8990,4
958,740,3
958,33687,3
958,44933,2
958,4632,2
958,10956,2
958,21,2
958,436,2
958,710,2
959,17207,2
959,649,2
959,3415,2
959,3468,2
959,1456,1
959,35255,1
959,91711,1
959,457,1
959,9246,1
959,118494,1
960,655,2
960,5297,2
960,586,1
960,3665,1
960,7010,1
960,16686,1
960,22956,1
960,19809,1
960,553,1
962,48,3
962,838,2
962,1417,1
962,6816,1
962,13171,1
962,8456,1
962,460,1
962,98570,1
962,249,1
964,5709,2
964,5788,1
964,1373,1
964,12322,1
964,85173,1
964,106990,1
964,10306,1
964,15404,1
965,1479,2
965,8446,1
965,958,1
965,13603,1
965,11044,1
965,1059,1
966,463,2
966,1238,1
967,564,1
967,932,1
967,267,1
967,976,1
967,13102,1
968,1149,2
968,1043,2
968,2,1
969,3238,1
969,16512,1
969,21491,1
970,436,4
970,12586,3
970,229,2
970,7181,1
970,12549,1
970,13102,1
970,395,1
970,1474,1
970,3438,1
970,1075,1
972,992,1
973,348,2
973,11294,2
973,9711,1
973,19945,1
973,4576,1
973,3044,1
973,72989,1
974,79,11
974,21525,9
974,514,6
974,923,6
974,42001,3
974,2538,3
974,1075,3
974,762,2
974,4213,2
974,25,2
975,8562,3
975,8855,2
975,885,2
975,11678,2
975,6084,1
975,128,1
975,462,1
975,635,1
975,15262,1
975,7519,1
976,618,5
976,29983,3
976,534,2
976,21,2
976,1528,2
976,448,2
976,373,1
976,556,1
976,497,1
976,967,1
977,16688,8
978,430,1
978,4233,1
978,1155,1
982,4344,2
982,114,2
982,11,1
982,3194,1
982,736,1
982,574,1
982,715,1
983,165,1
983,766,1
983,4099,1
983,589,1
983,1802,1
983,3872,1
983,7961,1
983,877,1
983,3523,1
984,1067,3
984,635,2
984,26196,1
984,3691,1
984,3073,1
984,1236,1
984,61097,1
984,222,1
988,8586,8
988,7,5
988,14582,4
988,22651,4
988,45275,3
988,7075,3
988,47,2
988,53,1
988,2977,1
988,105,1
989,3359,1
990,1961,1
990,14256,1
994,35243,3
994,51,1
994,20591,1
994,62547,1
994,11652,1
994,10884,1
994,76835,1
994,43,1
994,102256,1
994,11327,1
995,10,1
995,32229,1
997,11577,3
997,647,3
997,475,3
997,7378,2
997,4334,1
997,1506,1
997,57,1
997,627,1
997,766,1
997,18905,1
998,48,2
998,14115,2
998,20166,1
998,7085,1
998,57,1
998,13807,1
998,347,1
998,20882,1
1001,1608,1
1001,40175,1
1001,19049,1
1001,23742,1
1001,25850,1
1006,1978,1
1006,91,1
1006,18,1
1006,43297,1
1006,12309,1
1009,3731,2
1009,1224,2
1009,23851,1
1009,419,1
1009,5686,1
1009,3484,1
1009,10650,1
1009,1155,1
1009,3378,1
1009,3108,1
1012,12,1
1012,14073,1
1012,24967,1
1012,40,1
1013,1183,3
1013,1014,2
1013,3247,1
1013,14008,1
1013,8795,1
1013,3147,1
1013,37815,1
1014,1013,2
1014,1183,2
1014,37815,2
1014,1184,1
1014,18666,1
1014,10978,1
1015,1185,1
1015,3170,1
1015,688,1
1016,8341,1
1016,10454,1
1016,28743,1
1018,29,1
1021,3520,3
1021,1034,1
1021,1927,1
1022,6045,1
1023,216,1
1023,745,1
1023,149,1
1023,731,1
1023,668,1
1023,4421,1
1023,80533,1
1023,153969,1
1027,18,1
1027,8530,1
1030,703,1
1030,17224,1
1030,5996,1
1031,1506,5
1031,11072,4
1031,35573,4
1031,24294,4
1031,7378,4
1031,7961,4
1031,627,3
1031,9122,3
1031,443,3
1031,31,2
1032,18019,2
1032,796,1
1032,38109,1
1032,39589,1
1032,42177,1
1032,102671,1
1032,94877,1
1032,304,1
1032,728,1
1032,44,1
1033,443,5
1033,8652,3
1033,756,2
1033,102,1
1033,12633,1
1033,5310,1
1033,10805,1
1033,1417,1
1033,5767,1
1033,5280,1
1036,1534,2
1036,26157,1
1036,64465,1
1037,3986,1
1037,698,1
1037,13723,1
1039,18,3
1039,1275,2
1039,2146,2
1039,1042,2
1039,3019,2
1039,2921,2
1039,30,2
1039,17218,2
1039,627,1
1039,3140,1
1042,1834,2
1042,102,2
1042,1039,2
1042,23,1
1042,157,1
1042,8340,1
1042,2921,1
1042,1237,1
1042,4471,1
1042,5854,1
1043,968,2
1043,553,1
1043,2,1
1044,16531,2
1045,12,5
1045,598,1
1045,42,1
1045,53,1
1045,872,1
1045,1149,1
1045,132,1
1045,14231,1
1045,26,1
1045,92,1
1047,373,1
1047,14790,1
1047,24,1
1047,96792,1
1048,79,1
1048,1208,1
1048,1349,1
1048,514,1
1048,36723,1
1049,1351,3
1049,740,1
1049,21,1
1049,648,1
1049,7526,1
1049,1131,1
1049,24,1
1049,1349,1
1049,22455,1
1049,28285,1
1051,10386,3
1051,30,2
1051,102,2
1051,3329,1
1051,12330,1
1051,18096,1
1051,350,1
1051,2895,1
1051,11551,1
1051,34011,1
1057,5756,1
1059,1376,2
1059,1962,2
1059,8085,1
1059,965,1
1059,113,1
1059,173,1
1059,174,1
1059,698,1
1059,762,1
1059,1267,1
1061,393,2
1061,3153,2
1061,48,2
1061,4480,2
1061,674,2
1061,101946,1
1061,732,1
1061,1649,1
1061,24014,1
1061,42331,1
1063,11,1
1063,401,1
1063,32,1
1063,6140,1
1063,343,1
1063,574,1
1063,33327,1
1063,96792,1
1065,877,1
1065,647,1
1066,46282,1
1067,984,3
1067,2924,2
1067,344,1
1067,1605,1
1067,2109,1
1067,3691,1
1067,642,1
1067,1461,1
1067,29799,1
1068,320,2
1068,1894,2
1068,8,1
1068,1444,1
1068,3633,1
1068,3719,1
1068,956,1
1068,3911,1
1071,3731,1
1071,71,1
1071,5060,1
1071,11734,1
1072,22,2
1072,30,1
1072,34473,1
1072,10207,1
1072,79,1
1072,23352,1
1072,18313,1
1072,8391,1
1072,7630,1
1072,11393,1
1075,12586,5
1075,974,3
1075,395,2
1075,16601,2
1075,655,2
1075,85968,1
1075,229,1
1075,2156,1
1075,11434,1
1075,23390,1
1076,16765,3
1076,583,2
1076,11628,2
1076,2,2
1076,13,2
1076,642,1
1076,11,1
1076,5664,1
1076,512,1
1076,514,1
1077,350,1
1077,877,1
1077,17435,1
1077,633,1
1077,1329,1
1077,30,1
1077,31,1
1077,5252,1
1077,1273,1
1079,1402,4
1079,1268,2
1079,11896,2
1079,4770,2
1079,1740,1
1079,3924,1
1079,79,1
1079,665,1
1079,923,1
1079,4487,1
1080,933,1
1080,1230,1
1085,3926,3
1085,16761,2
1085,13171,2
1085,631,2
1085,3436,1
1085,877,1
1085,762,1
1085,7749,1
1085,381,1
1085,5154,1
1086,16,1
1086,696,1
1086,12767,1
1086,325,1
1086,671,1
1086,15469,1
1086,744,1
1088,23,1
1089,2921,1
1092,3537,3
1092,7749,3
1092,336,2
1092,762,2
1092,838,2
1092,2149,2
1092,20130,1
1092,392,1
1092,28949,1
1092,419,1
1093,9296,2
1093,3189,1
1096,21860,1
1096,325,1
1096,49361,1
1096,18204,1
1097,133,2
1097,16791,1
1097,500,1
1097,11037,1
1097,43913,1
1100,42,1
1100,4552,1
1100,53,1
1101,21,7
1101,1461,6
1101,28743,3
1101,8848,2
1101,100323,2
1101,5627,2
1101,1408,2
1101,17915,2
1101,37109,2
1101,1528,2
1102,12,5
1102,18619,4
1102,10,3
1102,158,3
1102,5664,2
1102,15205,2
1102,2888,1
1102,105,1
1102,13492,1
1102,616,1
1103,3520,1
1104,10974,1
1104,389,1
1104,3496,1
1104,19984,1
1105,426,1
1105,2,1
1110,14236,4
1110,7749,3
1110,8522,3
1110,102,3
1110,563,2
1110,14633,2
1110,411,2
1110,11956,1
1110,3113,1
1110,1774,1
1111,1,1
1111,1325,1
1111,2924,1
1111,418,1
1111,642,1
1111,1695,1
1111,401,1
1111,2,1
1111,26,1
1113,7462,3
1113,449,1
1113,1894,1
1113,86,1
1113,42173,1
1114,855,1
1118,8,1
1118,36,1
1118,8421,1
1118,1098,1
1121,874,4
1121,604,1
1121,4392,1
1121,9428,1
1121,3872,1
1121,616,1
1121,1907,1
1121,10665,1
1121,1680,1
1121,70941,1
1126,3731,1
1126,28,1
1131,98270,4
1131,936,3
1131,1373,2
1131,77819,2
1131,8446,2
1131,18148,1
1131,13515,1
1131,740,1
1131,1049,1
1131,564,1
1133,116778,17
1133,3031,5
1133,25515,5
1133,85968,4
1133,118858,4
1133,2,4
1133,33327,4
1133,149,3
1133,3006,3
1133,90423,2
1142,910,2
1142,815,2
1142,18992,1
1142,688,1
1142,22143,1
1143,19007,1
1143,22875,1
1143,38167,1
1143,5926,1
1143,10224,1
1143,15590,1
1143,24873,1
1146,84,2
1146,1073,1
1146,1051,1
1147,16954,1
1147,710,1
1148,1517,2
1148,1630,2
1148,3008,2
1148,9252,2
1148,3296,1
1148,26502,1
1148,872,1
1148,34839,1
1149,1517,4
1149,3296,3
1149,2,3
1149,968,2
1149,39427,2
1149,9252,2
1149,24476,2
1149,11336,2
1149,872,2
1149,44347,2
1150,756,1
1150,1534,1
1153,889,3
1153,75615,2
1153,79519,2
1153,21,2
1153,1592,1
1153,1427,1
1153,670,1
1153,564,1
1153,1315,1
1153,100128,1
1154,4368,3
1154,3403,2
1154,13254,1
1154,31511,1
1154,10960,1
1154,12298,1
1154,14251,1
1154,616,1
1154,11222,1
1154,410,1
1155,15242,3
1155,3731,2
1155,1009,1
1155,463,1
1155,4233,1
1155,1162,1
1155,16794,1
1155,18939,1
1155,25609,1
1155,116766,1
1156,419,3
1156,5602,2
1156,3050,1
1157,13163,1
1158,46282,3
1158,12885,1
1158,818,1
1158,13796,1
1158,4539,1
1158,28226,1
1158,36933,1
1160,70261,1
1160,1859,1
1161,740,1
1161,4260,1
1161,1050,1
1161,436,1
1161,15313,1
1161,732,1
1161,17541,1
1161,35255,1
1161,35761,1
1161,2154,1
1162,3685,5
1162,407,3
1162,11734,3
1162,11072,3
1162,170,2
1162,8039,2
1162,8652,2
1162,35171,1
1162,1155,1
1162,11767,1
1163,665,1
1163,6608,1
1164,8457,1
1165,22,1
1165,888,1
1166,755,1
1166,71,1
1166,15586,1
1170,635,1
1170,1413,1
1170,1804,1
1171,58,1
1171,1242,1
1171,645,1
1171,686,1
1171,591,1
1171,57,1
1171,17134,1
1171,682,1
1171,1506,1
1171,31,1
1178,1229,2
1183,1013,3
1183,1014,2
1183,430,2
1183,67019,2
1183,1189,1
1183,3913,1
1183,12284,1
1183,14796,1
1183,35713,1
1183,1511,1
1184,1014,1
1184,815,1
1184,106755,1
1184,135545,1
1185,25730,2
1185,1015,1
1185,3336,1
1185,16927,1
1185,730,1
1185,25300,1
1185,16963,1
1185,51,1
1185,1183,1
1189,11180,3
1189,1183,1
1189,744,1
1189,815,1
1189,959,1
1189,688,1
1189,116766,1
1190,26556,1
1190,1189,1
1190,2976,1
1190,3731,1
1190,15242,1
1190,688,1
1190,3225,1
1190,3515,1
1191,26265,1
1191,15991,1
1191,22451,1
1191,71701,1
1193,26,2
1193,128,1
1193,2154,1
1193,14206,1
1193,83417,1
1194,4,2
1194,773,2
1194,649,1
1194,1238,1
1194,10224,1
1194,755,1
1194,1282,1
1194,71,1
1194,651,1
1194,1766,1
1195,9777,1
1195,3031,1
1199,3189,2
1199,3359,2
1199,1719,1
1201,10238,1
1201,50465,1
1202,13463,4
1202,8,1
1202,1310,1
1202,625,1
1202,3458,1
1202,2926,1
1202,3242,1
1202,4013,1
1202,1052,1
1202,4092,1
1204,14008,1
1207,24308,2
1207,4268,1
1207,18619,1
1207,382,1
1207,655,1
1207,19661,1
1208,3737,2
1208,1951,2
1208,23267,1
1208,79,1
1208,923,1
1208,5685,1
1208,1048,1
1208,8641,1
1208,918,1
1208,21525,1
1211,11054,3
1211,1,1
1211,25297,1
1211,936,1
1211,8962,1
1211,145,1
1211,4632,1
1211,952,1
1211,642,1
1211,87397,1
1213,3520,3
1213,5883,1
1213,3189,1
1213,762,1
1215,664,2
1215,60783,1
1215,745,1
1216,28,1
1216,633,1
1216,1496,1
1216,1009,1
1216,14700,1
1217,1511,2
1217,11652,2
1217,3367,1
1217,430,1
1217,52,1
1217,16247,1
1217,3169,1
1218,11327,2
1218,15167,1
1218,11329,1
1218,12806,1
1218,1649,1
1218,9982,1
1218,3573,1
1219,16285,1
1221,51,2
1221,7887,1
1221,11652,1
1224,26736,5
1224,13245,4
1224,17051,4
1224,1009,2
1224,37707,2
1224,56805,2
1224,17763,1
1224,6310,1
1224,45143,1
1224,4632,1
1225,678,2
1225,15459,1
1225,92332,1
1225,1909,1
1226,2579,1
1227,3400,1
1227,14922,1
1227,71011,1
1228,92,1
1228,423,1
1228,11582,1
1228,854,1
1228,35,1
1228,1524,1
1229,1178,2
1229,15895,2
1229,11294,1
1229,54321,1
1229,5714,1
1229,18292,1
1229,108759,1
1229,74041,1
1230,33327,2
1230,1080,1
1230,11711,1
1230,16688,1
1230,564,1
1230,4624,1
1230,122244,1
1230,116778,1
1235,1558,1
1235,3632,1
1235,5745,1
1235,877,1
1235,1978,1
1235,16860,1
1235,11841,1
1235,2894,1
1237,3116,14
1237,677,3
1237,1339,3
1237,11782,2
1237,320,2
1237,5479,1
1237,156,1
1237,618,1
1237,665,1
1237,710,1
1238,463,2
1238,936,2
1238,3575,2
1238,966,1
1238,20683,1
1238,107,1
1238,83181,1
1239,8997,1
1239,14811,1
1239,1934,1
1239,4632,1
1239,17020,1
1239,24808,1
1240,2574,1
1240,11310,1
1240,12245,1
1240,7749,1
1242,16794,3
1242,3523,2
1242,1757,2
1242,57,1
1242,91,1
1242,1171,1
1242,13281,1
1242,833,1
1242,6050,1
1242,10407,1
1244,348,3
1244,10804,2
1244,54779,2
1244,1667,1
1244,17904,1
1244,12097,1
1244,37213,1
1244,9113,1
1244,30581,1
1244,17525,1
1248,10960,2
1248,35,1
1248,4343,1
1248,4571,1
1248,8,1
1248,101,1
1248,1372,1
1248,24457,1
1248,40011,1
1248,122244,1
1249,3192,2
1249,3600,2
1249,660,1
1249,15366,1
1249,585,1
1249,9147,1
1249,12978,1
1250,5090,4
1250,170,1
1250,1162,1
1250,1031,1
1250,5767,1
1250,1595,1
1250,443,1
1250,14475,1
1250,7097,1
1250,407,1
1253,19087,1
1253,783,1
1255,13526,1
1255,3407,1
1255,1756,1
1256,12309,1
1256,20315,1
1257,16688,3
1257,67121,3
1257,3749,3
1257,5293,2
1257,584,2
1257,23947,2
1257,24098,2
1257,1,1
1257,933,1
1257,1288,1
1258,16688,2
1258,584,1
1259,1709,1
1260,1595,1
1260,2177,1
1261,13656,1
1261,3866,1
1262,16688,2
1262,584,1
1267,2957,3
1267,10528,2
1267,29,2
1267,543,2
1267,20453,2
1267,35733,2
1267,2969,2
1267,28,2
1267,455,2
1267,710,2
1268,665,2
1268,1079,2
1268,21662,2
1268,85901,2
1268,41847,2
1268,3519,2
1268,11514,2
1268,4758,2
1268,79,1
1268,778,1
1269,10609,1
1269,6358,1
1270,1740,3
1270,710,1
1270,102,1
1270,330,1
1270,1802,1
1270,11072,1
1270,15403,1
1270,28,1
1270,877,1
1270,4548,1
1271,2921,21
1271,30315,12
1271,30,5
1271,3329,5
1271,16908,3
1271,11774,3
1271,17,3
1271,14633,2
1271,3863,2
1271,4470,2
1273,1866,1
1273,102,1
1273,3819,1
1273,4530,1
1273,422,1
1273,30,1
1273,1077,1
1273,8297,1
1274,618,3
1274,3866,2
1274,24,2
1274,13292,2
1274,908,2
1274,12123,2
1274,1852,1
1275,1039,2
1275,1271,1
1275,12309,1
1275,18,1
1275,4773,1
1275,91,1
1277,18196,1
1282,15805,2
1282,1680,1
1282,14008,1
1282,23602,1
1282,35075,1
1282,19945,1
1282,18597,1
1282,6901,1
1285,13999,1
1288,24705,2
1288,635,1
1288,1604,1
1288,67797,1
1288,98,1
1288,1257,1
1288,41535,1
1288,23438,1
1291,684,5
1291,678,3
1291,3715,3
1291,1339,2
1291,1430,1
1291,677,1
1291,4530,1
1291,1523,1
1291,3187,1
1291,610,1
1293,51,1
1293,1294,1
1293,1511,1
1293,11652,1
1293,3616,1
1293,35243,1
1293,915,1
1294,1293,1
1296,1709,1
1296,648,1
1296,12123,1
1297,1600,3
1297,5602,2
1297,1668,2
1297,7656,2
1297,3285,1
1297,11493,1
1297,1,1
1297,336,1
1297,8254,1
1297,1101,1
1298,904,1
1299,26178,1
1299,1102,1
1299,19317,1
1299,1859,1
1299,3031,1
1299,553,1
1299,10,1
1299,24,1
1299,7429,1
1299,11914,1
1300,1095,1
1300,435,1
1300,2150,1
1300,9702,1
1300,933,1
1300,8640,1
1302,14234,2
1303,7,6
1303,7482,3
1303,3575,3
1303,23774,2
1303,78477,2
1303,727,2
1303,14856,1
1303,30575,1
1303,66257,1
1303,14231,1
1304,3633,2
1304,4368,1
1310,879,1
1310,1202,1
1310,102,1
1310,2146,1
1313,39325,1
1315,1373,1
1315,12320,1
1315,1153,1
1315,9726,1
1318,935,1
1319,735,1
1319,2910,1
1320,16765,3
1320,3741,1
1320,20,1
1320,1741,1
1320,1609,1
1320,11627,1
1320,2109,1
1320,1456,1
1320,7531,1
1320,16290,1
1325,38071,4
1325,1111,1
1325,1600,1
1325,199,1
1325,17839,1
1325,5674,1
1325,113,1
1325,23778,1
1325,1410,1
1325,1695,1
1326,5255,2
1326,1497,1
1326,419,1
1326,591,1
1326,625,1
1326,55403,1
1329,31,2
1329,589,1
1329,1077,1
1329,3019,1
1331,3127,3
1331,15795,1
1331,3334,1
1331,5767,1
1331,1162,1
1331,102980,1
1331,15821,1
1332,640,1
1332,5174,1
1332,6888,1
1332,1581,1
1332,1469,1
1333,12745,1
1333,10347,1
1334,4626,1
1334,877,1
1334,7378,1
1334,3140,1
1337,910,2
1337,1904,2
1337,56001,1
1337,15242,1
1337,17353,1
1339,647,5
1339,1237,3
1339,4515,2
1339,1291,2
1339,1978,2
1339,629,2
1339,677,1
1339,678,1
1339,1820,1
1339,3924,1
1340,2009,1
1341,610,2
1341,1523,1
1341,820,1
1341,949,1
1341,8,1
1341,13171,1
1341,9837,1
1341,3077,1
1341,14633,1
1341,6506,1
1342,16816,3
1342,16735,2
1342,47,1
1342,12994,1
1342,29983,1
1342,12854,1
1342,24875,1
1342,39625,1
1342,42867,1
1342,58211,1
1344,1677,1
1344,1,1
1344,1668,1
1344,2179,1
1344,8673,1
1344,24476,1
1344,33327,1
1344,107356,1
1345,8918,1
1345,587,1
1345,39675,1
1345,3905,1
1345,19087,1
1348,871,1
1349,3031,5
1349,24,4
1349,10270,3
1349,6314,2
1349,12922,2
1349,9,1
1349,43661,1
1349,80715,1
1349,17198,1
1349,338,1
1350,509,1
1350,575,1
1350,891,1
1351,1049,3
1351,3712,1
1351,3842,1
1351,573,1
1351,10740,1
1351,28833,1
1351,20266,1
1351,1456,1
1354,583,1
1355,955,1
1355,580,1
1362,13634,2
1362,85,1
1362,5764,1
1362,371,1
1362,11779,1
1362,587,1
1362,19109,1
1362,13001,1
1363,3102,3
1363,4584,3
1363,585,2
1363,88660,2
1363,38105,1
1364,25109,1
1365,9152,3
1365,756,1
1365,772,1
1365,8652,1
1365,3600,1
1365,90,1
1365,4056,1
1365,4632,1
1371,564,1
1371,22993,1
1371,80,1
1372,102,1
1372,9256,1
1372,92,1
1372,554,1
1372,1248,1
1373,4632,2
1373,18570,2
1373,3,2
1373,1131,2
1373,9138,2
1373,3614,2
1373,8204,2
1373,3064,1
1373,3247,1
1373,39325,1
1376,1059,2
1376,1933,1
1376,1673,1
1376,3076,1
1376,56529,1
1376,99982,1
1383,3866,1
1385,58391,1
1386,3284,1
1387,392,1
1387,11734,1
1387,3534,1
1388,2685,3
1388,16737,1
1388,411,1
1388,10282,1
1388,9393,1
1388,4232,1
1388,1978,1
1388,5966,1
1389,1193,1
1389,1517,1
1394,371,1
1395,3331,1
1397,17192,2
1397,104,1
1397,2556,1
1397,48387,1
1397,15383,1
1397,7514,1
1397,25322,1
1397,409,1
1397,21066,1
1397,19564,1
1398,31,6
1398,1896,3
1398,591,2
1398,413,2
1398,18,1
1398,17,1
1398,3378,1
1398,30,1
1398,11767,1
1398,13107,1
1400,149,3
1400,116778,3
1400,13723,1
1400,1409,1
1400,58731,1
1400,731,1
1402,1079,4
1402,684,4
1402,3715,2
1402,4631,2
1402,1416,2
1402,530,2
1402,392,1
1402,2692,1
1402,2577,1
1402,5284,1
1407,23,1
1407,755,1
1407,688,1
1407,22143,1
1408,1101,2
1408,5532,1
1408,23271,1
1408,377,1
1408,727,1
1408,2,1
1408,1131,1
1408,4553,1
1408,14440,1
1408,18570,1
1409,149,5
1409,664,2
1409,395,1
1409,401,1
1409,477,1
1409,114797,1
1409,465,1
1409,12196,1
1409,1400,1
1410,12569,1
1410,1677,1
1410,11734,1
1410,38071,1
1410,1325,1
1412,156,3
1412,3633,3
1412,2921,2
1412,102,2
1412,618,2
1412,1852,2
1412,26121,2
1412,11553,1
1412,3631,1
1412,6520,1
1413,448,3
1413,15508,1
1413,1170,1
1413,1268,1
1413,1464,1
1413,3519,1
1414,44,8
1414,3537,3
1414,35003,3
1414,12395,1
1414,14956,1
1414,130,1
1414,28091,1
1414,20242,1
1414,20628,1
1414,40171,1
1415,10970,3
1415,1542,1
1415,401,1
1415,932,1
1415,5627,1
1415,936,1
1416,1402,2
1416,10466,1
1416,455,1
1416,7396,1
1416,923,1
1416,4631,1
1417,249,1
1417,1033,1
1417,19984,1
1417,962,1
1419,19189,1
1419,1249,1
1419,3600,1
1420,25,1
1423,88923,1
1423,7162,1
1423,116778,1
1424,41847,2
1424,665,1
1424,6098,1
1424,6030,1
1424,835,1
1424,829,1
1424,11514,1
1424,21858,1
1424,476,1
1424,25057,1
1427,1153,1
1427,8997,1
1427,3270,1
1427,773,1
1428,661,2
1428,14154,1
1428,14956,1
1428,40797,1
1428,3084,1
1429,37151,1
1429,6054,1
1430,828,1
1430,1834,1
1430,1291,1
1430,3220,1
1430,5078,1
1430,1978,1
1430,69211,1
1432,4472,2
1432,3993,1
1432,5352,1
1432,11801,1
1432,409,1
1432,8477,1
1432,10999,1
1432,11690,1
1432,25077,1
1432,30577,1
1436,344,1
1437,3976,2
1437,1461,1
1437,727,1
1437,8586,1
1437,1,1
1439,102,2
1439,1150,1
1440,729,1
1440,4,1
1440,124,1
1440,116485,1
1442,13,1
1444,591,3
1444,3493,2
1444,422,2
1444,7008,2
1444,633,1
1444,3360,1
1444,350,1
1444,1041,1
1444,1068,1
1444,1802,1
1448,3826,1
1448,671,1
1449,932,1
1449,3928,1
1449,1461,1
1449,1672,1
1449,15537,1
1450,50027,4
1450,3243,3
1450,276,1
1450,5421,1
1450,20756,1
1450,28743,1
1450,492,1
1450,37915,1
1450,15313,1
1450,89553,1
1451,1268,1
1451,23768,1
1451,676,1
1451,929,1
1451,1452,1
1452,4081,1
1452,16856,1
1452,537,1
1452,79,1
1452,1451,1
1452,23768,1
1455,2908,1
1456,5996,3
1456,8586,3
1456,1534,2
1456,28743,2
1456,1673,2
1456,3405,2
1456,24903,2
1456,735,1
1456,2,1
1456,37563,1
1458,4614,1
1458,14430,1
1458,14531,1
1458,18492,1
1458,3117,1
1458,7519,1
1458,336,1
1458,152,1
1458,45317,1
1459,3102,1
1459,48523,1
1460,1133,1
1460,149,1
1461,1101,6
1461,21,2
1461,20266,2
1461,727,2
1461,1449,1
1461,756,1
1461,37915,1
1461,1067,1
1461,3928,1
1461,36833,1
1462,393,1
1462,732,1
1462,1675,1
1462,22,1
1462,4647,1
1462,1061,1
1464,128,1
1464,1413,1
1465,12,2
1465,99,1
1465,746,1
1465,3522,1
1465,10,1
1465,826,1
1465,4832,1
1467,655,1
1467,17465,1
1467,92,1
1468,1068,1
1469,610,10
1469,112115,4
1469,8742,3
1469,419,2
1469,6888,2
1469,1802,2
1469,820,1
1469,2692,1
1469,7029,1
1469,37,1
1470,149,3
1470,10540,2
1470,14207,1
1470,5655,1
1470,88537,1
1470,16668,1
1470,4945,1
1470,1325,1
1471,4,2
1471,13026,2
1471,69477,2
1471,88168,2
1471,149,1
1471,3322,1
1471,15765,1
1471,103072,1
1471,13975,1
1471,102617,1
1474,2,12
1474,116778,5
1474,401,4
1474,37503,4
1474,1517,4
1474,98270,3
1474,1534,3
1474,7666,3
1474,1608,2
1474,14377,2
1475,2,1
1475,583,1
1475,952,1
1475,7666,1
1475,7697,1
1475,23495,1
1475,1608,1
1475,13361,1
1476,13988,1
1476,3614,1
1476,3071,1
1479,965,2
1479,1,2
1479,21,1
1479,379,1
1479,401,1
1479,1101,1
1479,5293,1
1479,24836,1
1479,67121,1
1479,28361,1
1487,3281,2
1487,3731,1
1487,4,1
1487,11243,1
1487,16692,1
1490,107562,3
1490,23768,2
1490,19200,2
1490,4571,2
1490,84,1
1490,4081,1
1490,8837,1
1490,4109,1
1490,618,1
1490,44539,1
1495,50,1
1495,5593,1
1495,6941,1
1496,591,1
1496,17,1
1496,443,1
1496,18,1
1496,1216,1
1496,4334,1
1496,7162,1
1497,28,2
1497,5410,1
1497,1539,1
1497,29,1
1497,1326,1
1497,5955,1
1498,3867,1
1498,422,1
1499,446,1
1501,24705,7
1501,8967,5
1501,17322,2
1501,348,2
1501,19007,2
1501,17353,2
1501,1671,1
1501,2990,1
1501,11036,1
1501,17686,1
1503,564,1
1503,1962,1
1503,3438,1
1503,1608,1
1503,4215,1
1503,11,1
1504,936,2
1504,1373,1
1504,14127,1
1504,24705,1
1504,105084,1
1505,3084,2
1505,66,1
1505,42,1
1505,25946,1
1505,733,1
1505,20242,1
1505,796,1
1505,3082,1
1506,1031,5
1506,1802,2
1506,11072,2
1506,997,1
1506,7220,1
1506,13099,1
1506,64055,1
1506,56001,1
1506,1978,1
1506,10330,1
1508,296,1
1508,158,1
1508,60993,1
1509,5822,1
1509,6888,1
1509,20648,1
1511,11652,4
1511,51,3
1511,1217,2
1511,52,2
1511,8795,1
1511,61009,1
1511,3367,1
1511,1183,1
1511,11550,1
1511,1293,1
1512,10272,1
1514,11036,1
1514,16121,1
1515,1608,2
1515,1456,1
1515,194,1
1515,1534,1
1515,4751,1
1515,49865,1
1515,1517,1
1515,1474,1
1515,73363,1
1515,107877,1
1517,1149,4
1517,2,4
1517,1474,4
1517,26,3
1517,267,2
1517,1148,2
1517,5254,2
1517,7887,1
1517,110962,1
1517,1515,1
1523,820,1
1523,91,1
1523,1341,1
1523,610,1
1523,3124,1
1523,3077,1
1523,2112,1
1523,10776,1
1523,1291,1
1523,13171,1
1526,10010,3
1526,55,1
1526,9131,1
1526,414,1
1526,3464,1
1526,23,1
1526,671,1
1526,33511,1
1526,14236,1
1526,16922,1
1528,21,3
1528,1101,2
1528,5802,2
1528,976,2
1528,20597,2
1528,10169,1
1528,8967,1
1528,94,1
1528,23271,1
1528,33699,1
1533,26441,4
1533,8456,2
1533,54897,2
1533,106755,1
1533,122883,1
1533,703,1
1533,56187,1
1533,963,1
1533,8743,1
1533,893,1
1534,564,5
1534,1474,3
1534,1456,2
1534,19358,2
1534,1608,2
1534,8848,2
1534,1036,2
1534,1133,1
1534,1150,1
1534,10016,1
1535,655,1
1535,7010,1
1536,3189,1
1537,3334,1
1537,8652,1
1537,5280,1
1539,2149,1
1539,3581,1
1539,3386,1
1539,1237,1
1539,1633,1
1539,1497,1
1539,11832,1
1539,4593,1
1541,16822,2
1541,21,2
1541,17222,1
1541,149437,1
1541,28361,1
1542,1415,1
1542,162,1
1542,564,1
1547,9142,1
1551,23390,1
1551,8773,1
1551,2,1
1551,698,1
1557,3108,1
1557,710,1
1557,1802,1
1557,443,1
1557,70621,1
1557,8652,1
1558,2558,2
1558,1978,1
1558,1235,1
1558,3715,1
1558,11460,1
1558,59863,1
1562,1823,1
1562,219,1
1562,1456,1
1562,5627,1
1563,157,1
1563,563,1
1564,19,1
1564,893,1
1564,7162,1
1566,443,1
1566,640,1
1566,610,1
1567,10780,1
1567,26149,1
1570,326,1
1570,12,1
1570,47,1
1571,635,3
1571,8652,1
1571,405,1
1571,14127,1
1572,9711,2
1572,145,1
1572,93689,1
1573,606,1
1573,7010,1
1575,309,1
1578,3359,1
1578,756,1
1578,4011,1
1581,316,2
1581,3669,1
1581,1332,1
1581,554,1
1581,63281,1
1581,24457,1
1591,400,1
1591,7857,1
1591,10461,1
1591,18307,1
1591,105399,1
1592,889,2
1592,108691,2
1592,1153,1
1592,6752,1
1595,11345,2
1595,102,1
1595,23419,1
1595,3938,1
1595,407,1
1595,1250,1
1595,3586,1
1595,46814,1
1595,90197,1
1595,170,1
1598,22,1
1598,1714,1
1598,1658,1
1598,28285,1
1598,658,1
1600,1297,3
1600,9245,3
1600,24476,2
1600,1800,1
1600,1,1
1600,728,1
1600,418,1
1600,1325,1
1600,7656,1
1600,11493,1
1602,1736,1
1603,16,1
1603,910,1
1604,1288,1
1604,1822,1
1605,14790,5
1605,51233,3
1605,42001,2
1605,21525,2
1605,1067,1
1605,11701,1
1605,16765,1
1605,25855,1
1605,29799,1
1605,20225,1
1608,1474,2
1608,1515,2
1608,1534,2
1608,1001,1
1608,32913,1
1608,37503,1
1608,401,1
1608,37563,1
1608,1503,1
1608,564,1
1609,904,1
1609,2961,1
1609,1320,1
1609,13668,1
1614,3633,1
1616,3565,2
1616,102,1
1616,17,1
1616,762,1
1616,2149,1
1616,3547,1
1617,589,1
1617,628,1
1617,4580,1
1623,176,1
1624,3631,1
1624,5502,1
1624,4780,1
1624,6520,1
1624,3485,1
1625,8008,1
1626,2459,1
1626,281,1
1628,778,1
1628,79,1
1628,676,1
1629,86416,1
1629,4632,1
1630,1148,2
1630,3572,1
1630,401,1
1630,3579,1
1630,5451,1
1630,1149,1
1630,44347,1
1630,6760,1
1630,15916,1
1630,952,1
1631,23,1
1632,8365,1
1633,1007,1
1633,1539,1
1633,11504,1
1633,589,1
1633,20958,1
1635,1085,1
1635,31,1
1635,13071,1
1635,631,1
1636,3473,1
1636,2149,1
1637,4207,2
1637,886,1
1637,3266,1
1637,4586,1
1637,10741,1
1637,443,1
1639,4751,1
1639,1474,1
1639,649,1
1639,728,1
1640,4632,1
1640,17353,1
1640,430,1
1648,8571,2
1648,37601,1
1648,8967,1
1648,14377,1
1648,18074,1
1649,21,18
1649,15167,9
1649,11327,7
1649,3572,5
1649,9982,4
1649,22031,4
1649,33031,4
1649,65685,4
1649,584,4
1649,62795,4
1650,3731,3
1650,12386,1
1652,25,2
1652,3444,2
1652,3303,1
1652,267,1
1653,826,1
1653,11516,1
1653,7519,1
1654,103,1
1654,42691,1
1654,1914,1
1654,3375,1
1658,2,3
1658,749,1
1658,1598,1
1658,952,1
1658,1474,1
1658,11974,1
1658,5599,1
1658,656,1
1658,10499,1
1658,25224,1
1660,1802,2
1660,77,1
1660,3685,1
1660,37,1
1660,3529,1
1660,102,1
1660,17,1
1660,33297,1
1660,35573,1
1661,4571,2
1661,4487,1
1661,23526,1
1661,61097,1
1661,458,1
1661,5794,1
1662,23688,2
1662,420,1
1662,7886,1
1662,20461,1
1662,682,1
1662,12309,1
1662,10577,1
1662,475,1
1662,591,1
1662,4514,1
1665,709,1
1666,678,1
1666,1826,1
1667,1244,1
1667,19007,1
1667,4539,1
1668,1297,2
1668,12086,1
1668,1,1
1668,1600,1
1668,32429,1
1668,1344,1
1669,585,2
1669,248,1
1669,900,1
1670,3,1
1671,11434,2
1671,14430,1
1671,16597,1
1671,1373,1
1671,3,1
1672,1929,1
1672,416,1
1672,658,1
1672,1683,1
1672,1449,1
1672,4421,1
1672,15537,1
1672,86418,1
1672,9935,1
1672,656,1
1673,24903,2
1673,2,2
1673,1456,2
1673,25132,2
1673,3210,1
1673,267,1
1673,12,1
1673,14582,1
1673,36099,1
1673,1376,1
1675,393,2
1675,1462,1
1675,20605,1
1675,26,1
1675,26570,1
1675,22044,1
1677,1,4
1677,22305,2
1677,1344,1
1677,1410,1
1677,5401,1
1677,10968,1
1677,24808,1
1677,1474,1
1679,3727,1
1679,36437,1
1679,17493,1
1679,11734,1
1680,688,1
1680,1282,1
1680,15805,1
1680,20998,1
1680,35075,1
1680,25396,1
1680,3288,1
1680,58711,1
1683,904,3
1683,1672,1
1683,11493,1
1683,22453,1
1683,88699,1
1683,58563,1
1683,658,1
1686,179,1
1687,7403,1
1690,23689,2
1690,421,1
1690,531,1
1693,2563,1
1694,3916,1
1694,589,1
1694,3872,1
1694,11801,1
1694,27231,1
1694,4308,1
1695,1,5
1695,3281,2
1695,15916,2
1695,1111,1
1695,11054,1
1695,15279,1
1695,16814,1
1695,22196,1
1695,25857,1
1695,30239,1
1698,36213,1
1698,39723,1
1698,699,1
1698,23956,1
1698,70,1
1698,105,1
1698,583,1
1698,3403,1
1698,3822,1
1698,6912,1
1702,912,3
1702,2965,2
1702,170,2
1702,20375,1
1702,11434,1
1702,6262,1
1702,83267,1
1702,15895,1
1702,436,1
1702,4632,1
1706,85968,6
1706,952,2
1706,13,2
1706,18161,2
1706,25,2
1706,26,2
1706,36099,1
1706,928,1
1706,124520,1
1706,103701,1
1708,562,1
1708,710,1
1708,1802,1
1709,24,6
1709,25,2
1709,10270,2
1709,1296,1
1709,1823,1
1709,98930,1
1709,1259,1
1709,5113,1
1709,10078,1
1709,81,1
1716,3159,1
1716,8841,1
1716,893,1
1717,18361,1
1720,2149,2
1720,3581,2
1720,618,1
1720,3866,1
1721,3031,3
1721,11,3
1721,3866,1
1721,14192,1
1721,11741,1
1721,3415,1
1721,1859,1
1721,12922,1
1721,17360,1
1721,11914,1
1722,2629,2
1722,3082,2
1722,26144,1
1722,74,1
1722,587,1
1724,68053,2
1724,36731,1
1724,908,1
1724,78,1
1724,1893,1
1729,17607,3
1729,7519,2
1729,1904,1
1729,24522,1
1729,50155,1
1730,35243,3
1730,17405,1
1730,11550,1
1730,5920,1
1730,12965,1
1730,2720,1
1730,100450,1
1731,3105,1
1732,9771,1
1732,3831,1
1732,730,1
1732,120176,1
1733,21,1
1733,534,1
1734,782,1
1735,838,4
1735,145,2
1735,3731,2
1735,339,1
1735,22114,1
1735,587,1
1735,796,1
1735,6812,1
1735,15084,1
1735,28719,1
1736,768,1
1736,664,1
1736,1602,1
1736,698,1
1738,1739,1
1738,6862,1
1738,12412,1
1738,51471,1
1739,1738,1
1740,1270,3
1740,766,2
1740,631,1
1740,591,1
1740,3523,1
1740,1079,1
1740,1007,1
1740,3633,1
1740,3436,1
1740,3759,1
1741,145,2
1741,10010,2
1741,10249,2
1741,104565,1
1741,339,1
1741,838,1
1741,6853,1
1741,16604,1
1741,20678,1
1741,3285,1
1744,4632,3
1744,14121,2
1744,24858,1
1744,1238,1
1744,14440,1
1744,1153,1
1744,1671,1
1744,4553,1
1744,16067,1
1744,17353,1
1745,8889,2
1745,671,1
1745,1375,1
1745,3214,1
1745,15,1
1745,15590,1
1745,6927,1
1745,4833,1
1745,9246,1
1745,2413,1
1748,1548,1
1749,871,2
1749,941,1
1749,928,1
1749,22572,1
1749,935,1
1752,44,1
1752,339,1
1752,3084,1
1752,12552,1
1752,14956,1
1752,16531,1
1752,28091,1
1752,32779,1
1752,39883,1
1754,375,1
1754,10354,1
1756,1255,1
1756,4608,1
1757,1978,3
1757,1242,2
1757,5255,2
1757,3721,1
1757,3821,1
1757,5686,1
1757,1801,1
1757,2692,1
1757,165,1
1757,7000,1
1766,4331,2
1766,731,1
1766,35133,1
1766,4,1
1766,81,1
1766,651,1
1766,13,1
1766,9004,1
1766,17465,1
1766,10984,1
1770,892,1
1773,11977,1
1773,30381,1
1774,17,3
1774,610,1
1774,1110,1
1774,4893,1
1778,1922,2
1778,118,1
1784,3102,2
1784,11862,1
1784,39395,1
1788,671,1
1789,49,1
1789,114745,1
1794,15175,1
1794,107,1
1794,12693,1
1795,682,2
1796,33327,3
1796,933,1
1796,14440,1
1796,1962,1
1796,401,1
1796,12132,1
1796,49865,1
1796,39139,1
1796,74847,1
1798,423,1
1798,84,1
1798,1662,1
1798,545,1
1798,554,1
1800,703,2
1800,418,1
1800,1600,1
1800,373,1
1800,10016,1
1800,104475,1
1801,8,2
1801,3820,2
1801,16715,2
1801,71,1
1801,1757,1
1801,627,1
1801,16034,1
1802,29,8
1802,610,5
1802,28,4
1802,443,3
1802,18,3
1802,1896,3
1802,35573,2
1802,22870,2
1802,1660,2
1802,1469,2
1804,94,2
1804,508,1
1804,1170,1
1804,1061,1
1804,25021,1
1804,36,1
1804,1932,1
1810,4392,1
1814,42451,6
1814,17,3
1814,4270,3
1814,23358,2
1814,2921,2
1814,23688,2
1814,3223,1
1814,98396,1
1814,3360,1
1814,14236,1
1815,2161,1
1819,2923,1
1819,23718,1
1819,80533,1
1820,1339,1
1820,11591,1
1820,8042,1
1822,1604,1
1822,2598,1
1823,736,2
1823,26807,1
1823,1562,1
1823,2,1
1823,1709,1
1823,11633,1
1823,583,1
1826,4317,1
1826,1666,1
1826,625,1
1826,2944,1
1826,9837,1
1826,15628,1
1826,4293,1
1826,19200,1
1827,656,2
1827,658,1
1827,736,1
1829,635,1
1829,3031,1
1829,61097,1
1829,1634,1
1830,907,1
1830,926,1
1830,13455,1
1830,15013,1
1830,16036,1
1831,102,1
1831,19285,1
1831,3633,1
1831,25810,1
1831,5647,1
1832,26099,1
1832,14268,1
1834,4477,2
1834,1042,2
1834,1430,1
1834,12454,1
1834,1978,1
1834,3220,1
1834,30,1
1852,1412,2
1852,30,2
1852,618,1
1852,976,1
1852,1274,1
1852,8108,1
1852,8673,1
1852,12757,1
1852,25866,1
1853,1133,1
1853,54,1
1853,448,1
1853,7162,1
1853,37525,1
1855,8840,1
1855,5310,1
1855,4502,1
1859,418,5
1859,61189,4
1859,4623,3
1859,87,3
1859,13558,2
1859,5664,2
1859,33223,2
1859,7066,2
1859,3995,2
1859,90035,2
1860,537,1
1860,4571,1
1860,1859,1
1860,34755,1
1865,5125,1
1866,102,2
1866,3220,2
1866,1273,1
1866,30,1
1866,3268,1
1866,634,1
1866,877,1
1866,9607,1
1866,11524,1
1866,6918,1
1867,5844,1
1867,54,1
1867,190,1
1867,1267,1
1867,2144,1
1867,92332,1
1869,553,1
1869,4631,1
1869,14073,1
1869,23,1
1874,11699,1
1875,3775,1
1875,4220,1
1875,3354,1
1875,4134,1
1875,2921,1
1878,11711,1
1878,3866,1
1878,3270,1
1879,7631,1
1879,3551,1
1879,4514,1
1879,3671,1
1892,5929,1
1892,8222,1
1893,418,2
1893,10,2
1893,551,2
1893,674,2
1893,3243,2
1893,68053,2
1893,128,1
1893,322,1
1893,369,1
1893,659,1
1894,1068,2
1894,8042,1
1894,907,1
1894,1113,1
1895,8039,2
1895,8,1
1895,6520,1
1895,13474,1
1895,10141,1
1895,4207,1
1895,9403,1
1895,33791,1
1895,6030,1
1895,44671,1
1896,1398,3
1896,2923,3
1896,3378,3
1896,1802,3
1896,610,3
1896,10412,2
1896,13194,2
1896,56805,2
1896,11767,1
1896,2061,1
1897,1271,2
1897,1444,1
1897,9291,1
1897,3493,1
1897,5255,1
1897,43765,1
1898,9423,1
1898,3632,1
1899,1962,2
1901,1456,1
1901,1075,1
1904,152,1
1904,4768,1
1904,17,1
1904,2570,1
1904,3958,1
1904,20038,1
1904,71865,1
1905,7519,3
1905,10224,1
1905,34467,1
1908,18197,5
1908,160,4
1908,1667,1
1908,3418,1
1908,1904,1
1908,430,1
1908,4291,1
1908,34905,1
1908,17,1
1908,6992,1
1909,4743,1
1909,1225,1
1910,5590,1
1910,41733,1
1910,15087,1
1911,3019,2
1911,4471,1
1911,2560,1
1913,23968,1
1913,4670,1
1913,37821,1
1914,19111,1
1914,102980,1
1914,58,1
1914,1654,1
1914,3375,1
1922,1778,2
1922,3243,2
1922,27,1
1922,509,1
1922,536,1
1922,54,1
1922,448,1
1922,689,1
1922,7162,1
1922,35959,1
1923,30755,1
1923,269,1
1923,10347,1
1923,219,1
1924,3117,1
1924,20755,1
1924,57185,1
1924,615,1
1924,23217,1
1925,674,2
1925,8585,1
1925,6140,1
1925,24,1
1926,18992,2
1926,28533,2
1926,7519,1
1926,35551,1
1926,14115,1
1926,10348,1
1926,14664,1
1926,18597,1
1926,25035,1
1926,2570,1
1929,3,6
1929,1,3
1929,4333,2
1929,936,2
1929,1672,1
1929,11054,1
1929,32991,1
1929,8951,1
1929,664,1
1929,932,1
1931,7394,1
1931,65,1
1931,24376,1
1932,36,2
1932,792,1
1932,1804,1
1933,74,2
1933,8359,1
1933,3107,1
1933,648,1
1933,1376,1
1933,12451,1
1933,3247,1
1933,24903,1
1933,89190,1
1934,2139,1
1934,16594,1
1934,1239,1
1934,18570,1
1934,10882,1
1934,3298,1
1934,18258,1
1935,3071,3
1935,20576,1
1951,27,3
1951,618,3
1951,17207,2
1951,20842,2
1951,1208,2
1951,17200,2
1951,10270,1
1951,2611,1
1951,918,1
1951,1349,1
1961,14256,1
1962,933,4
1962,401,2
1962,14127,2
1962,12331,2
1962,1059,2
1962,45613,2
1962,57989,1
1962,583,1
1962,3031,1
1962,6228,1
1964,3189,1
1978,37,4
1978,475,4
1978,411,3
1978,3632,3
1978,1757,3
1978,71,2
1978,1339,2
1978,828,2
1978,2923,2
1978,619,2
1979,19167,1
1979,34599,1
1982,923,3
1982,8641,2
1982,676,2
1982,10943,1
1982,3737,1
1982,2459,1
1982,1208,1
1984,277,1
1984,8706,1
1984,778,1
1984,17402,1
1984,13748,1
1985,14498,1
1988,100616,1
1993,15571,1
1994,11770,1
1999,21282,1
